"DAQ: Time, … - (Timed)   "
"Test: Compression_ramp_hold_test_Clay"
"Test Run: Test Run 77"
"Date: 2/23/2025 12:05:05 PM"
""
""
"Time ","_Load ","_Extension "
"sec","N","mm"
"13.5860004425049","-0.0706478431820869","0.00401814804718015"
"13.6859998703003","-0.0978960394859314","0.0170389812410576"
"13.78600025177","-0.122371256351471","0.0293986013275571"
"13.8859996795654","-0.144350007176399","0.0394694034184795"
"13.9860000610352","-0.165867179632187","0.050404869398335"
"14.0860004425049","-0.185311213135719","0.0599670420342591"
"14.1859998703003","-0.198747590184212","0.0701395692885853"
"14.28600025177","-0.218333348631859","0.0802612339612097"
"14.3859996795654","-0.239583969116211","0.0901794483070262"
"14.4860000610352","-0.26034864783287","0.100555422250181"
"14.5860004425049","-0.278637439012527","0.109965010778978"
"14.6859998703003","-0.298913449048996","0.120595301268622"
"14.78600025177","-0.316369146108627","0.130004889797419"
"14.8859996795654","-0.336016118526459","0.140584306791425"
"14.9860000610352","-0.353963047266006","0.150400795973837"
"15.0860004425049","-0.372528553009033","0.160369876539335"
"15.1859998703003","-0.38782399892807","0.170644125319086"
"15.28600025177","-0.40660572052002","0.180104572791606"
"15.3859996795654","-0.427731871604919","0.190938313608058"
"15.4860000610352","-0.443201065063477","0.200144451810047"
"15.5860004425049","-0.459652990102768","0.210622150916606"
"15.6859998703003","-0.472553640604019","0.220336922211573"
"15.78600025177","-0.493793398141861","0.230407720664516"
"15.8859996795654","-0.51702892780304","0.240834560827352"
"15.9860000610352","-0.536503434181213","0.25009157252498"
"16.0860004425049","-0.560169279575348","0.260670989518985"
"16.1860008239746","-0.581489443778992","0.270080578047782"
"16.2859992980957","-0.606508314609528","0.280812586424872"
"16.3859996795654","-0.628253579139709","0.290374766336754"
"16.4860000610352","-0.652488231658936","0.300394691294059"
"16.5860004425049","-0.67585676908493","0.310668954625726"
"16.6860008239746","-0.700932502746582","0.320231134537607"
"16.7859992980957","-0.728255271911621","0.330861425027251"
"16.8859996795654","-0.750323295593262","0.340118422172964"
"16.9860000610352","-0.77836936712265","0.350697839166969"
"17.0860004425049","-0.801829218864441","0.360361736966297"
"17.1860008239746","-0.830766797065735","0.370686844689772"
"17.2859992980957","-0.85978764295578","0.380706798750907"
"17.3859996795654","-0.886418342590332","0.39021810516715"
"17.4860000610352","-0.916610479354858","0.40069580427371"
"17.5860004425049","-0.942316710948944","0.410105392802507"
"17.6860008239746","-0.974470555782318","0.420837401179597"
"17.7859992980957","-1.0028840303421","0.430399581091478"
"17.8859996795654","-1.03317821025848","0.44052125304006"
"17.9860000610352","-1.06309056282043","0.450541177997366"
"18.0860004425049","-1.09277439117432","0.460357667179778"
"18.1860008239746","-1.12393641471863","0.470886239781976"
"18.2859992980957","-1.15240049362183","0.48009239253588"
"18.3859996795654","-1.18525242805481","0.490671780426055"
"18.4860000610352","-1.21629738807678","0.50043745432049"
"18.5860004425049","-1.24980616569519","0.510864250827581"
"18.6860008239746","-1.28035032749176","0.520528177730739"
"18.7859992980957","-1.31154119968414","0.530344666913152"
"18.8859996795654","-1.34500181674957","0.54056802764535"
"18.9860000610352","-1.37637639045715","0.55018108105287"
"19.0860004425049","-1.41155004501343","0.560862245038152"
"19.1860008239746","-1.44196951389313","0.570271804463118"
"19.2859992980957","-1.47764074802399","0.580647785682231"
"19.3859996795654","-1.5108255147934","0.590464274864644"
"19.4860000610352","-1.54572510719299","0.600484199821949"
"19.5860004425049","-1.58166575431824","0.610758492257446"
"19.6860008239746","-1.61335945129395","0.620066362898797"
"19.7859992980957","-1.64945781230927","0.630747468676418"
"19.8859996795654","-1.68144130706787","0.640258833300322"
"19.9860000610352","-1.72020792961121","0.650889123789966"
"20.0860004425049","-1.75311923027039","0.660451245494187"
"20.1860008239746","-1.78915178775787","0.670420355163515"
"20.2859992980957","-1.82652878761292","0.680542027112097"
"20.3859996795654","-1.86105489730835","0.690155022311956"
"20.4860000610352","-1.90149199962616","0.700887059792876"
"20.5860004425049","-1.93566465377808","0.710245803929865"
"20.6860008239746","-1.97360229492188","0.72057091165334"
"20.7859992980957","-2.01209712028503","0.730336527340114"
"20.8859996795654","-2.05026459693909","0.74061076156795"
"20.9860000610352","-2.08827376365662","0.750630744732916"
"21.0860004425049","-2.12428832054138","0.760091177653521"
"21.1860008239746","-2.16497230529785","0.770721468143165"
"21.2859992980957","-2.20078492164612","0.780283648055047"
"21.3859996795654","-2.24279308319092","0.790913938544691"
"21.4860000610352","-2.27887916564941","0.800374371465296"
"21.5860004425049","-2.31732964515686","0.810496043413877"
"21.6860008239746","-2.35682606697083","0.820566841866821"
"21.7859992980957","-2.39447665214539","0.830230710562319"
"21.8859996795654","-2.43803143501282","0.840759312268347"
"21.9860000610352","-2.47455835342407","0.850168871693313"
"22.0860004425049","-2.51724481582642","0.860799162182957"
"22.1860008239746","-2.5566782951355","0.870259653311223"
"22.2859992980957","-2.59956741333008","0.88078819680959"
"22.3859996795654","-2.63920331001282","0.890502939000726"
"22.4860000610352","-2.6787474155426","0.900217739399523"
"22.5860004425049","-2.72247457504272","0.910695409402251"
"22.6860008239746","-2.7616970539093","0.920308462809771"
"22.7859992980957","-2.80866885185242","0.930938753299415"
"22.8859996795654","-2.84650254249573","0.940297497436404"
"22.9860000610352","-2.88907527923584","0.950469984672964"
"23.0860004425049","-2.93193888664246","0.960439094342291"
"23.1860008239746","-2.97424387931824","0.97035727230832"
"23.2859992980957","-3.01898670196533","0.98078406881541"
"23.3859996795654","-3.05848264694214","0.990142812952399"
"23.4860000610352","-3.10560655593872","1.0007731616497"
"23.5860004425049","-3.14695405960083","1.01023353636265"
"23.6860008239746","-3.19402575492859","1.02071126457304"
"23.7859992980957","-3.23630690574646","1.03042600676417"
"23.8859996795654","-3.27949166297913","1.04024249594659"
"23.9860000610352","-3.32794332504272","1.0506184771657"
"24.0860004425049","-3.36907052993774","1.06018071528524"
"24.1860008239746","-3.42028522491455","1.07096356805414"
"24.2859992980957","-3.46109127998352","1.08027143869549"
"24.3859996795654","-3.50831055641174","1.0906474199146"
"24.4860000610352","-3.55177521705627","1.1003112886101"
"24.5860004425049","-3.59931588172913","1.11043301876634"
"24.6860008239746","-3.64612722396851","1.12065637949854"
"24.7859992980957","-3.68959951400757","1.13016762770712"
"24.8859996795654","-3.73931860923767","1.14069622941315"
"24.9860000610352","-3.78192853927612","1.15015672054142"
"25.0860004425049","-3.83440494537354","1.16083782631904"
"25.1860008239746","-3.87890529632568","1.17034919094294"
"25.2859992980957","-3.92467093467712","1.18026731070131"
"25.3859996795654","-3.973881483078","1.19054166134447"
"25.4860000610352","-4.02092885971069","1.20035815052688"
"25.5860004425049","-4.07266330718994","1.21093750931323"
"25.6860008239746","-4.1158447265625","1.2201436329633"
"25.7859992980957","-4.1678261756897","1.23072310816497"
"25.8859996795654","-4.21305322647095","1.24023435637355"
"25.9860000610352","-4.26275396347046","1.25061033759266"
"26.0860004425049","-4.31113576889038","1.26057944726199"
"26.1860008239746","-4.35654497146606","1.27014168538153"
"26.2859992980957","-4.40984010696411","1.28082279115915"
"26.3859996795654","-4.45490789413452","1.29023240879178"
"26.4860000610352","-4.50775194168091","1.30081176757813"
"26.5860004425049","-4.5540599822998","1.31027225870639"
"26.6860008239746","-4.60455846786499","1.32059736642987"
"26.7859992980957","-4.65462255477905","1.33046472910792"
"26.8859996795654","-4.70296335220337","1.34038296528161"
"26.9860000610352","-4.75739240646362","1.35086057707667"
"27.0860004425049","-4.80244541168213","1.36016844771802"
"27.1860008239746","-4.85716962814331","1.37074792291969"
"27.2859992980957","-4.90391540527344","1.38020841404796"
"27.3859996795654","-4.95700931549072","1.39073689933866"
"27.4860000610352","-5.0074028968811","1.40055338852108"
"27.5860004425049","-5.05644989013672","1.41031900420785"
"27.6860008239746","-5.11030912399292","1.42069498542696"
"27.7859992980957","-5.15810251235962","1.43020635005087"
"27.8859996795654","-5.21339845657349","1.44093832932413"
"27.9860000610352","-5.26009607315063","1.45019532646984"
"28.0860004425049","-5.3143048286438","1.46062218118459"
"28.1860008239746","-5.36522817611694","1.47048954386264"
"28.2859992980957","-5.41799783706665","1.48056028410792"
"28.3859996795654","-5.4731011390686","1.49083463475108"
"28.4860000610352","-5.52045059204102","1.50014250539243"
"28.5860004425049","-5.57734060287476","1.51067099068314"
"28.6860008239746","-5.62851428985596","1.52018235530704"
"28.7859992980957","-5.68305969238281","1.53076171409339"
"28.8859996795654","-5.73512506484985","1.54042569920421"
"28.9860000610352","-5.78722190856934","1.55034381896257"
"29.0860004425049","-5.84295749664307","1.56066904310137"
"29.1860008239746","-5.89327955245972","1.57033291179687"
"29.2859992980957","-5.95141506195068","1.58086139708757"
"29.3859996795654","-5.99996376037598","1.59016926772892"
"29.4860000610352","-6.05633354187012","1.60064699593931"
"29.5860004425049","-6.10782623291016","1.61036173813045"
"29.6860008239746","-6.16333246231079","1.62068684585392"
"29.7859992980957","-6.21754169464111","1.63075770251453"
"29.8859996795654","-6.26772785186768","1.64011644665152"
"29.9860000610352","-6.32721757888794","1.65069580543786"
"30.0860004425049","-6.37791442871094","1.66010542307049"
"30.1860008239746","-6.43698787689209","1.67078652884811"
"30.2859992980957","-6.4888391494751","1.68034876696765"
"30.3859996795654","-6.54479503631592","1.69052125420421"
"30.4860000610352","-6.60058641433716","1.70054123736918"
"30.5860004425049","-6.65439796447754","1.71045947354287"
"30.6860008239746","-6.71392107009888","1.72083545476198"
"30.7859992980957","-6.76324844360352","1.73009245190769"
"30.8859996795654","-6.82408237457275","1.74077355768532"
"30.9860000610352","-6.8759970664978","1.75028492230922"
"31.0860004425049","-6.9350905418396","1.76071166060865"
"31.1860008239746","-6.9904351234436","1.77052814979106"
"31.2859992980957","-7.04389905929565","1.78024300839752"
"31.3859996795654","-7.10453939437866","1.79066986311227"
"31.4860000610352","-7.15756368637085","1.80018111132085"
"31.5860004425049","-7.22068357467651","1.81091309059411"
"31.6860008239746","-7.27360248565674","1.8202718347311"
"31.7859992980957","-7.332190990448","1.83054606895894"
"31.8859996795654","-7.3886866569519","1.84041343163699"
"31.9860000610352","-7.44753885269165","1.85058603528887"
"32.0859985351563","-7.50731086730957","1.86080939602107"
"32.1860008239746","-7.55920839309692","1.87011726666242"
"32.2859992980957","-7.62163829803467","1.88069662544876"
"32.3860015869141","-7.6761360168457","1.89025886356831"
"32.4860000610352","-7.74035406112671","1.90093996934593"
"32.5859985351563","-7.79539632797241","1.91050220746547"
"32.6860008239746","-7.85247611999512","1.92036957014352"
"32.7859992980957","-7.91399717330933","1.93054205738008"
"32.8860015869141","-7.97008895874023","1.94020592607558"
"32.9860000610352","-8.03403186798096","1.95078540127724"
"33.0859985351563","-8.08735179901123","1.96014414541423"
"33.1860008239746","-8.15150737762451","1.97067274712026"
"33.2859992980957","-8.20920658111572","1.98038737289608"
"33.3860015869141","-8.26904582977295","1.990508986637"
"33.4860000610352","-8.32968235015869","2.00063083320856"
"33.5859985351563","-8.3843879699707","2.01004045084119"
"33.6860008239746","-8.44883155822754","2.02067056670785"
"33.7859992980957","-8.5045804977417","2.03018193133175"
"33.8860015869141","-8.57032489776611","2.04091402702034"
"33.9860000610352","-8.6264066696167","2.05047614872456"
"34.0859985351563","-8.6859245300293","2.06054700538516"
"34.1860008239746","-8.74630260467529","2.07051611505449"
"34.2859992980957","-8.8021354675293","2.08012899383903"
"34.3860015869141","-8.86877632141113","2.09086108952761"
"34.4860000610352","-8.92518329620361","2.10016896016896"
"34.5859985351563","-8.99005603790283","2.1107483189553"
"34.6860008239746","-9.04857063293457","2.12036143057048"
"34.7859992980957","-9.11280345916748","2.13083904236555"
"34.8860015869141","-9.17208576202393","2.14055390097201"
"34.9860000610352","-9.22952079772949","2.15011602267623"
"35.0859985351563","-9.29847240447998","2.16069538146257"
"35.1860008239746","-9.35527229309082","2.17020674608648"
"35.2859992980957","-9.42366981506348","2.18098959885538"
"35.3860015869141","-9.48024940490723","2.19024671241641"
"35.4860000610352","-9.54421520233154","2.20057182013988"
"35.5859985351563","-9.60513687133789","2.21043918281794"
"35.6860008239746","-9.66493701934814","2.22020479850471"
"35.7859992980957","-9.73283290863037","2.23078415729105"
"35.8860015869141","-9.78997325897217","2.240244532004"
"35.9860000610352","-9.85739898681641","2.25077313371003"
"36.0859985351563","-9.91594505310059","2.26018275134265"
"36.1860008239746","-9.98497676849365","2.27091484703124"
"36.2859992980957","-10.0441398620605","2.28052772581577"
"36.3860015869141","-10.104040145874","2.29019182734191"
"36.4860000610352","-10.1726293563843","2.30061844922602"
"36.5859985351563","-10.2344388961792","2.31033330783248"
"36.6860008239746","-10.3044528961182","2.3210144136101"
"36.7859992980957","-10.3612537384033","2.33016978017986"
"36.8860015869141","-10.4275217056274","2.34054564498365"
"36.9860000610352","-10.4915866851807","2.35036225058138"
"37.0859985351563","-10.5548896789551","2.36043310724199"
"37.1860008239746","-10.6232147216797","2.37075821496546"
"37.2859992980957","-10.682635307312","2.38026934675872"
"37.3860015869141","-10.7528495788574","2.39084893837571"
"37.4860000610352","-10.8114032745361","2.40015680901706"
"37.5859985351563","-10.8809909820557","2.41083791479468"
"37.6860008239746","-10.9419612884521","2.42034927941859"
"37.7859992980957","-11.0069198608398","2.43041990324855"
"37.8860015869141","-11.0739049911499","2.44064326398075"
"37.9860000610352","-11.1345853805542","2.45025637559593"
"38.0859985351563","-11.2079725265503","2.46103922836483"
"38.1860008239746","-11.2664499282837","2.47029634192586"
"38.2859992980957","-11.3352975845337","2.48062144964933"
"38.3860015869141","-11.3982763290405","2.49018357135355"
"38.4860000610352","-11.4672746658325","2.50066118314862"
"38.5859985351563","-11.5329313278198","2.51063029281795"
"38.6860008239746","-11.5958528518677","2.52024340443313"
"38.7859992980957","-11.6652145385742","2.5307210162282"
"38.8860015869141","-11.7279472351074","2.54033412784338"
"38.9860000610352","-11.7992877960205","2.551015233621"
"39.0859985351563","-11.8593950271606","2.56027234718204"
"39.1860008239746","-11.9251194000244","2.57039396092296"
"39.2859992980957","-11.9936695098877","2.58056656457484"
"39.3860015869141","-12.0595941543579","2.59043392725289"
"39.4860000610352","-12.1292819976807","2.60091153904796"
"39.5859985351563","-12.1899785995483","2.61011766269803"
"39.6860008239746","-12.2633390426636","2.62079876847565"
"39.7859992980957","-12.3255014419556","2.63020838610828"
"39.8860015869141","-12.3969287872314","2.64058448374271"
"39.9860000610352","-12.46302318573","2.65045184642076"
"40.0859985351563","-12.5310335159302","2.66036996617913"
"40.1860008239746","-12.6029796600342","2.67079682089388"
"40.2859992980957","-12.6654329299927","2.68020643852651"
"40.3860015869141","-12.739312171936","2.69083655439317"
"40.4860000610352","-12.8014259338379","2.70019541494548"
"40.5859985351563","-12.8721551895142","2.71062226966023"
"40.6860008239746","-12.9389991760254","2.72038788534701"
"40.7859992980957","-13.0079412460327","2.73050949908793"
"40.8860015869141","-13.0791921615601","2.74093635380268"
"40.9860000610352","-13.1402235031128","2.75014247745275"
"41.0859985351563","-13.2138729095459","2.76067107915878"
"41.1860008239746","-13.2766237258911","2.77013145387173"
"41.2859992980957","-13.352258682251","2.78091430664063"
"41.3860015869141","-13.4163045883179","2.79047666117549"
"41.4860000610352","-13.4842977523804","2.80029303394258"
"41.5859985351563","-13.5575494766235","2.81061814166605"
"41.6860008239746","-13.6248779296875","2.82038375735283"
"41.7859992980957","-13.6996755599976","2.8308613691479"
"41.8860015869141","-13.7616157531738","2.84011848270893"
"41.9860000610352","-13.8380222320557","2.85074883140624"
"42.0859985351563","-13.9036502838135","2.86031095311046"
"42.1860008239746","-13.9759330749512","2.87068681791425"
"42.2859992980957","-14.0471830368042","2.88070691749454"
"42.3860015869141","-14.1110410690308","2.89021828211844"
"42.4860000610352","-14.1855936050415","2.90064490400255"
"42.5859985351563","-14.2478446960449","2.91010551154613"
"42.6860008239746","-14.3248615264893","2.92083737440407"
"42.7859992980957","-14.3899841308594","2.93034873902798"
"42.8860015869141","-14.4619369506836","2.94052134267986"
"42.9860000610352","-14.532621383667","2.95049045234919"
"43.0859985351563","-14.6016798019409","2.96045956201851"
"43.1860008239746","-14.6784658432007","2.9708354268223"
"43.2859992980957","-14.7409477233887","2.98004155047238"
"43.3860015869141","-14.8180990219116","2.99062090925872"
"43.4860000610352","-14.8863468170166","3.0002340208739"
"43.5859985351563","-14.9629621505737","3.01081337966025"
"43.6860008239746","-15.0331077575684","3.0206807423383"
"43.7859992980957","-15.0993976593018","3.03024309687316"
"43.8860015869141","-15.1758422851563","3.04061896167696"
"43.9860000610352","-15.2421617507935","3.05018108338118"
"44.0859985351563","-15.3205890655518","3.06091317906976"
"44.1860008239746","-15.3848438262939","3.07022104971111"
"44.2859992980957","-15.4624004364014","3.08080040849745"
"44.3860015869141","-15.5334873199463","3.09046427719295"
"44.4860000610352","-15.6056680679321","3.10058612376451"
"44.5859985351563","-15.6790294647217","3.11075849458575"
"44.6860008239746","-15.7439184188843","3.1200663652271"
"44.7859992980957","-15.8263731002808","3.130849217996"
"44.8860015869141","-15.8950662612915","3.14030982553959"
"44.9860000610352","-15.97425365448","3.15088918432593"
"45.0859985351563","-16.0429363250732","3.16050229594111"
"45.1860008239746","-16.1129932403564","3.17031866870821"
"45.2859992980957","-16.1882743835449","3.1805420294404"
"45.3860015869141","-16.255895614624","3.19015514105558"
"45.4860000610352","-16.3368701934814","3.20083624683321"
"45.5859985351563","-16.4023361206055","3.21024586446583"
"45.6860008239746","-16.4804039001465","3.22082522325218"
"45.7859992980957","-16.5505638122559","3.23048909194767"
"45.8860015869141","-16.6240711212158","3.24066169559956"
"45.9860000610352","-16.6989421844482","3.2506815623492"
"46.0859985351563","-16.7651119232178","3.26009117998183"
"46.1860008239746","-16.8457202911377","3.27072152867913"
"46.2859992980957","-16.9135246276855","3.28023289330304"
"46.3860015869141","-16.9945831298828","3.29101574607193"
"46.4860000610352","-17.0635299682617","3.30032361671329"
"46.5859985351563","-17.1391887664795","3.31049598753452"
"46.6860008239746","-17.213960647583","3.32041434012353"
"46.7859992980957","-17.2855262756348","3.33028170280159"
"46.8860015869141","-17.3661479949951","3.34075931459665"
"46.9860000610352","-17.433385848999","3.350067185238"
"47.0859985351563","-17.5157928466797","3.3608500380069"
"47.1860008239746","-17.584171295166","3.37020889855921"
"47.2859992980957","-17.6649227142334","3.38073750026524"
"47.3860015869141","-17.7382030487061","3.39055387303233"
"47.4860000610352","-17.8076190948486","3.40016698464751"
"47.5859985351563","-17.8882465362549","3.41064459644258"
"47.6860008239746","-17.9569282531738","3.42010497115552"
"47.7859992980957","-18.0423946380615","3.43104056082666"
"47.8860015869141","-18.110725402832","3.44029744155705"
"47.9860000610352","-18.189022064209","3.45057179220021"
"48.0859985351563","-18.2634677886963","3.4603881649673"
"48.1860008239746","-18.33935546875","3.47030651755631"
"48.2859992980957","-18.4212226867676","3.48073337227106"
"48.3860015869141","-18.488920211792","3.48999025300145"
"48.4860000610352","-18.5742168426514","3.50077310577035"
"48.5859985351563","-18.6459999084473","3.51033546030521"
"48.6860008239746","-18.7273445129395","3.52091481909156"
"48.7859992980957","-18.7991218566895","3.53032443672419"
"48.8860015869141","-18.8740768432617","3.54024255648255"
"48.9860000610352","-18.9567451477051","3.5506694111973"
"49.0859985351563","-19.0262088775635","3.56018077582121"
"49.1860008239746","-19.1104621887207","3.57096362859011"
"49.2859992980957","-19.1785373687744","3.58022074215114"
"49.3860015869141","-19.2617053985596","3.59074911102653"
"49.4860000610352","-19.333194732666","3.60031146556139"
"49.5859985351563","-19.4117240905762","3.61043307930231"
"49.6860008239746","-19.4919013977051","3.6208089441061"
"49.7859992980957","-19.5622901916504","3.63021856173873"
"49.8860015869141","-19.6451778411865","3.64074716344476"
"49.9860000610352","-19.7179660797119","3.65015678107738"
"50.0859985351563","-19.8032932281494","3.66088887676597"
"50.1860008239746","-19.8771419525146","3.67034925147891"
"50.2859992980957","-19.9511108398438","3.68021661415696"
"50.3860015869141","-20.0332221984863","3.69054172188044"
"50.4860000610352","-20.1093521118164","3.70040908455849"
"50.5859985351563","-20.193962097168","3.71098844334483"
"50.6860008239746","-20.2615814208984","3.72014380991459"
"50.7859992980957","-20.3467330932617","3.73072316870093"
"50.8860015869141","-20.423303604126","3.74043802730739"
"50.9860000610352","-20.5027561187744","3.75071214511991"
"51.0859985351563","-20.5803623199463","3.76052875071764"
"51.1860008239746","-20.6545467376709","3.77014162950218"
"51.2859992980957","-20.7387275695801","3.78072122111917"
"51.3860015869141","-20.8113651275635","3.79013060592115"
"51.4860000610352","-20.8979187011719","3.80086270160973"
"51.5859985351563","-20.9703884124756","3.81022156216204"
"51.6860008239746","-21.0538787841797","3.82054666988552"
"51.7859992980957","-21.1345043182373","3.83041403256357"
"51.8860015869141","-21.211893081665","3.84033215232193"
"51.9860000610352","-21.2975540161133","3.85086075402796"
"52.0859985351563","-21.368143081665","3.86006687767804"
"52.1860008239746","-21.4544906616211","3.87059547938406"
"52.2859992980957","-21.5297183990479","3.8802083581686"
"52.3860015869141","-21.6145439147949","3.89088969677687"
"52.4860000610352","-21.6914672851563","3.90055356547236"
"52.5859985351563","-21.7686901092529","3.91042092815042"
"52.6860008239746","-21.8510055541992","3.92064405605197"
"52.7859992980957","-21.9278087615967","3.93020641058683"
"52.8860015869141","-22.0147724151611","3.94093850627542"
"52.9860000610352","-22.0866260528564","3.95019538700581"
"53.0859985351563","-22.1698551177979","3.96052049472928"
"53.1860008239746","-22.2500972747803","3.97043861448765"
"53.2859992980957","-22.3313331604004","3.98050947114825"
"53.3860015869141","-22.417594909668","3.99083457887173"
"53.4860000610352","-22.4894275665283","4.00014268234372"
"53.5859985351563","-22.5783824920654","4.01072204113007"
"53.6860008239746","-22.6533355712891","4.02023317292333"
"53.7859992980957","-22.7391109466553","4.03076177462935"
"53.8860015869141","-22.8162746429443","4.04037488624454"
"53.9860000610352","-22.8992443084717","4.05049649998546"
"54.0859985351563","-22.9826278686523","4.0607200935483"
"54.1860008239746","-23.0593414306641","4.07028198242188"
"54.2859992980957","-23.1471462249756","4.08086134120822"
"54.3860015869141","-23.2204704284668","4.09022020176053"
"54.4860000610352","-23.3096656799316","4.10079956054688"
"54.5859985351563","-23.3854923248291","4.11036191508174"
"54.6860008239746","-23.4697933197021","4.12073777988553"
"54.7859992980957","-23.5532836914063","4.1307071223855"
"54.8860015869141","-23.629846572876","4.1403197683394"
"54.9860000610352","-23.7183799743652","4.15069609880447"
"55.0859985351563","-23.7964115142822","4.16020723059773"
"55.1860008239746","-23.8897895812988","4.17093932628632"
"55.2859992980957","-23.9647979736328","4.18034894391894"
"55.3860015869141","-24.0492057800293","4.19041980057955"
"55.4860000610352","-24.1351661682129","4.20054141432047"
"55.5859985351563","-24.2154808044434","4.21040877699852"
"55.6860008239746","-24.3027191162109","4.22078464180231"
"55.7859992980957","-24.3759593963623","4.23009227961302"
"55.8860015869141","-24.4675636291504","4.24072286114097"
"55.9860000610352","-24.545768737793","4.25023399293423"
"56.0859985351563","-24.6358165740967","4.26086457446218"
"56.1860008239746","-24.7157554626465","4.27052844315767"
"56.2859992980957","-24.7951488494873","4.28024306893349"
"56.3860015869141","-24.8835525512695","4.29061893373728"
"56.4860000610352","-24.9605045318604","4.30007930845022"
"56.5859985351563","-25.0542850494385","4.31091338396072"
"56.6860008239746","-25.1319694519043","4.32032300159335"
"56.7859992980957","-25.2203712463379","4.33064810931683"
"56.8860015869141","-25.3037071228027","4.34041349217296"
"56.9860000610352","-25.387580871582","4.35048434883356"
"57.0859985351563","-25.4754753112793","4.3607079423964"
"57.1860008239746","-25.5518951416016","4.37006633728743"
"57.2859992980957","-25.6439952850342","4.38074767589569"
"57.3860015869141","-25.7262382507324","4.39036078751087"
"57.4860000610352","-25.8142185211182","4.40094014629722"
"57.5859985351563","-25.8948135375977","4.4105532579124"
"57.6860008239746","-25.974063873291","4.42026788368821"
"57.7859992980957","-26.0611457824707","4.43054223433137"
"57.8860015869141","-26.1408672332764","4.44010412320495"
"57.9860000610352","-26.2351627349854","4.45083621889353"
"58.0859985351563","-26.3098526000977","4.46014432236552"
"58.1860008239746","-26.4005470275879","4.47067292407155"
"58.2859992980957","-26.4836177825928","4.48043830692768"
"58.3860015869141","-26.569787979126","4.49050916358829"
"58.4860000610352","-26.6572971343994","4.50063077732921"
"58.5859985351563","-26.7371559143066","4.51019313186407"
"58.6860008239746","-26.8304328918457","4.5207217335701"
"58.7859992980957","-26.9114971160889","4.53033437952399"
"58.8860015869141","-27.0056018829346","4.54101571813226"
"58.9860000610352","-27.0842990875244","4.5504760928452"
"59.0859985351563","-27.1708660125732","4.56064892932773"
"59.1860008239746","-27.2548274993896","4.57046506926417"
"59.2859992980957","-27.3372364044189","4.58023091778159"
"59.3860015869141","-27.4304008483887","4.59086103364825"
"59.4860000610352","-27.5072059631348","4.60016913712025"
"59.5859985351563","-27.5995426177979","4.61079925298691"
"59.6860008239746","-27.6793308258057","4.62025962769985"
"59.7859992980957","-27.769681930542","4.63078822940588"
"59.8860015869141","-27.8530712127686","4.6405540779233"
"59.9860000610352","-27.932559967041","4.65011596679688"
"60.0859985351563","-28.0278072357178","4.66069532558322"
"60.1860008239746","-28.1087741851807","4.67025768011808"
"60.2859992980957","-28.2043018341064","4.68093901872635"
"60.3860015869141","-28.2809467315674","4.69024665653706"
"60.4860000610352","-28.3695373535156","4.7004702500999"
"60.5859985351563","-28.4556407928467","4.71038836985826"
"60.6860008239746","-28.541389465332","4.72030648961663"
"60.7859992980957","-28.6348495483398","4.73078433424234"
"60.8860015869141","-28.7127857208252","4.74019395187497"
"60.9860000610352","-28.8076438903809","4.75082406774163"
"61.0859985351563","-28.8874473571777","4.76018292829394"
"61.1860008239746","-28.9804458618164","4.77071152999997"
"61.2859992980957","-29.065824508667","4.7804769128561"
"61.3860015869141","-29.1479568481445","4.7901920042932"
"61.4860000610352","-29.2403831481934","4.80056786909699"
"61.5859985351563","-29.3216075897217","4.81018098071218"
"61.6860008239746","-29.4187164306641","4.82091261073947"
"61.7859992980957","-29.4973754882813","4.83016995713115"
"61.8860015869141","-29.5905227661133","4.84054582193494"
"61.9860000610352","-29.6751804351807","4.85031120479107"
"62.0859985351563","-29.7645854949951","4.86043328419328"
"62.1860008239746","-29.8582420349121","4.87080914899707"
"62.2859992980957","-29.9369735717773","4.88016754388809"
"62.3860015869141","-30.0354022979736","4.89089963957667"
"62.4860000610352","-30.1143913269043","4.90025850012898"
"62.5859985351563","-30.2124404907227","4.91093983873725"
"62.6860008239746","-30.294340133667","4.92040021345019"
"62.7859992980957","-30.3816356658936","4.93036909028888"
"62.8860015869141","-30.4733028411865","4.94064344093204"
"62.9860000610352","-30.5587177276611","4.95040928944945"
"63.0859985351563","-30.6545143127441","4.96103940531611"
"63.1860008239746","-30.7319622039795","4.97019477188587"
"63.2859992980957","-30.828498840332","4.9807233735919"
"63.3860015869141","-30.9135608673096","4.99033601954579"
"DAQ: Time, … - (Timed)   "
"Test: Compression_ramp_hold_test_Clay"
"Test Run: Test Run 78"
"Date: 2/23/2025 12:06:50 PM"
""
""
"Time ","_Load ","_Extension "
"sec","N","mm"
"12.414999961853","-0.084993988275528","0.0074259442044422"
"12.5150003433228","-0.110519096255302","0.0190226237464231"
"12.6149997711182","-0.136205509305","0.0303649903798942"
"12.7150001525879","-0.155945628881454","0.0400797543989029"
"12.8149995803833","-0.178683429956436","0.0508117700519506"
"12.914999961853","-0.196509003639221","0.0602213549427688"
"13.0150003433228","-0.216989070177078","0.0704956037225202"
"13.1149997711182","-0.238066673278809","0.0804646842880175"
"13.2150001525879","-0.257001876831055","0.0904337575775571"
"13.3149995803833","-0.278732270002365","0.10080973879667"
"13.414999961853","-0.297254234552383","0.110168461105786"
"13.5150003433228","-0.319506257772446","0.120747885375749"
"13.6149997711182","-0.337115705013275","0.130106607684866"
"13.7150001525879","-0.36027467250824","0.140736898174509"
"13.8149995803833","-0.379828751087189","0.150502528413199"
"13.914999961853","-0.400045722723007","0.160319017595612"
"14.0150003433228","-0.42235055565834","0.170644125319086"
"14.1149997711182","-0.442688256502151","0.180206305230968"
"14.2150001525879","-0.467221826314926","0.190938313608058"
"14.3149995803833","-0.486912459135056","0.200144451810047"
"14.414999961853","-0.51155811548233","0.210571291972883"
"14.5150003433228","-0.532550036907196","0.220286063267849"
"14.6149997711182","-0.557537615299225","0.230509453103878"
"14.7150001525879","-0.582699358463287","0.240732828387991"
"14.8149995803833","-0.602871477603912","0.25009157252498"
"14.914999961853","-0.629569053649902","0.260569271631539"
"15.0150003433228","-0.65382593870163","0.27013142243959"
"15.1149997711182","-0.680894434452057","0.280761712929234"
"15.2150001525879","-0.705107629299164","0.290374766336754"
"15.3149995803833","-0.731437623500824","0.300343846902251"
"15.414999961853","-0.75732433795929","0.310668954625726"
"15.5150003433228","-0.780688405036926","0.320231134537607"
"15.6149997711182","-0.809727132320404","0.330861425027251"
"15.7150001525879","-0.833009362220764","0.340169266564772"
"15.8149995803833","-0.862900495529175","0.350646994775161"
"15.914999961853","-0.888872385025024","0.360310892574489"
"16.0149993896484","-0.918947398662567","0.370686844689772"
"16.1149997711182","-0.947167873382568","0.380605080863461"
"16.2150001525879","-0.976140975952148","0.390268978662789"
"16.3150005340576","-1.0070778131485","0.40069580427371"
"16.4150009155273","-1.03588390350342","0.410054548410699"
"16.5149993896484","-1.07002341747284","0.420786556787789"
"16.6149997711182","-1.09840905666351","0.430348736699671"
"16.7150001525879","-1.13088858127594","0.440470379544422"
"16.8150005340576","-1.16102993488312","0.450541177997366"
"16.9150009155273","-1.19274306297302","0.460408540675417"
"17.0149993896484","-1.22609341144562","0.470835366286337"
"17.1149997711182","-1.25445985794067","0.48009239253588"
"17.2150001525879","-1.28969526290894","0.490722653921694"
"17.3150005340576","-1.31977546215057","0.500335707329214"
"17.4150009155273","-1.35523021221161","0.510813435539603"
"17.5149993896484","-1.38839530944824","0.520629924722016"
"17.6149997711182","-1.42170798778534","0.530242919921875"
"17.7150001525879","-1.45734453201294","0.54056802764535"
"17.8150005340576","-1.48927962779999","0.550079334061593"
"17.9150009155273","-1.52815425395966","0.56091311853379"
"18.0149993896484","-1.55967259407043","0.570119242183864"
"18.1149997711182","-1.59665763378143","0.58069865917787"
"18.2150001525879","-1.63099181652069","0.590362586081028"
"18.3150005340576","-1.66803395748138","0.600484199821949"
"18.4150009155273","-1.70560681819916","0.610707618761808"
"18.5149993896484","-1.73921155929565","0.620066362898797"
"18.6149997711182","-1.77784252166748","0.630798342172056"
"18.7150001525879","-1.81222832202911","0.6403096485883"
"18.8150005340576","-1.85120606422424","0.650889123789966"
"18.9150009155273","-1.88627362251282","0.660400430206209"
"19.0149993896484","-1.92274081707001","0.670420355163515"
"19.1149997711182","-1.96219217777252","0.680491153616458"
"19.2150001525879","-1.99846863746643","0.690104207023978"
"19.3150005340576","-2.04149675369263","0.700887059792876"
"19.4150009155273","-2.07565760612488","0.71009318344295"
"19.5149993896484","-2.11706376075745","0.720621785148978"
"19.6149997711182","-2.15480852127075","0.730336527340114"
"19.7150001525879","-2.19575667381287","0.740661635063589"
"19.8150005340576","-2.23599219322205","0.750478124246001"
"19.9150009155273","-2.27213048934937","0.760040304157883"
"20.0149993896484","-2.31656217575073","0.770721468143165"
"20.1149997711182","-2.35383057594299","0.780283648055047"
"20.2150001525879","-2.39655089378357","0.790863065049052"
"20.3150005340576","-2.43523907661438","0.800425244960934"
"20.4150009155273","-2.47514224052429","0.810445169918239"
"20.5149993896484","-2.51525044441223","0.820465094875544"
"20.6149997711182","-2.55480146408081","0.830179895274341"
"20.7150001525879","-2.59895443916321","0.840759312268347"
"20.8150005340576","-2.63651609420776","0.850067182909697"
"20.9150009155273","-2.68159651756287","0.860748288687319"
"21.0149993896484","-2.72156238555908","0.870208779815584"
"21.1149997711182","-2.76500749588013","0.880584761034697"
"21.2150001525879","-2.80805635452271","0.890452065505087"
"21.3150005340576","-2.84845089912415","0.900115992408246"
"21.4150009155273","-2.8954553604126","0.910695409402251"
"21.5149993896484","-2.93509197235107","0.920206715818495"
"21.6149997711182","-2.98255348205566","0.930989626795053"
"21.7150001525879","-3.02344942092896","0.940246623940766"
"21.8150005340576","-3.0683536529541","0.95057173166424"
"21.9150009155273","-3.11163640022278","0.960439094342291"
"22.0149993896484","-3.15310001373291","0.970306398812681"
"22.1149997711182","-3.20061159133911","0.980733311735094"
"22.2150001525879","-3.24135375022888","0.990142812952399"
"22.3150005340576","-3.28888702392578","1.0007731616497"
"22.4150009155273","-3.33183574676514","1.01023353636265"
"22.5149993896484","-3.37891411781311","1.02071126457304"
"22.6149997711182","-3.42104864120483","1.03032437618822"
"22.7150001525879","-3.46312832832336","1.04024249594659"
"22.8150005340576","-3.51174831390381","1.05056760367006"
"22.9150009155273","-3.55583620071411","1.06023158878088"
"23.0149993896484","-3.60804080963135","1.07101444154978"
"23.1149997711182","-3.64950513839722","1.08016969170421"
"23.2150001525879","-3.69891571998596","1.09069829341024"
"23.3150005340576","-3.74407196044922","1.10026041511446"
"23.4150009155273","-3.79227638244629","1.11048389226198"
"23.5149993896484","-3.84087228775024","1.12070725299418"
"23.6149997711182","-3.88552284240723","1.13016762770712"
"23.7150001525879","-3.93621873855591","1.14074710290879"
"23.8150005340576","-3.98073720932007","1.15020759403706"
"23.9150009155273","-4.03168916702271","1.16083782631904"
"24.0149993896484","-4.07826042175293","1.17034919094294"
"24.1149997711182","-4.126145362854","1.18026731070131"
"24.2150001525879","-4.17597532272339","1.19059253484011"
"24.3150005340576","-4.22171068191528","1.2002564035356"
"24.4150009155273","-4.27632188796997","1.21093750931323"
"24.5149993896484","-4.32001399993896","1.22009275946766"
"24.6149997711182","-4.37257385253906","1.23067223466933"
"24.7150001525879","-4.41921186447144","1.24028522986919"
"24.8150005340576","-4.47115993499756","1.2506612110883"
"24.9150009155273","-4.52032804489136","1.26052857376635"
"25.0149993896484","-4.56829309463501","1.27024331595749"
"25.1149997711182","-4.62139654159546","1.28077191766351"
"25.2150001525879","-4.66825723648071","1.29023240879178"
"25.3150005340576","-4.72118711471558","1.30086264107376"
"25.4150009155273","-4.76790142059326","1.31027225870639"
"25.5149993896484","-4.81934690475464","1.32054649293423"
"25.6149997711182","-4.87088203430176","1.33051560260355"
"25.7150001525879","-4.91967248916626","1.34033209178597"
"25.8150005340576","-4.97471284866333","1.35080981999636"
"25.9150009155273","-5.02035236358643","1.36006681714207"
"26.0149993896484","-5.07771730422974","1.37074792291969"
"26.1149997711182","-5.12425136566162","1.38020841404796"
"26.2150001525879","-5.18021106719971","1.39073689933866"
"26.3150005340576","-5.23100280761719","1.40050251502544"
"26.4150009155273","-5.28189992904663","1.41026813071221"
"26.5149993896484","-5.33665418624878","1.42069498542696"
"26.6149997711182","-5.38622426986694","1.43015547655523"
"26.7150001525879","-5.44396734237671","1.44088745582849"
"26.8150005340576","-5.49283504486084","1.45024619996548"
"26.9150009155273","-5.54679822921753","1.46057130768895"
"27.0149993896484","-5.60024976730347","1.47048954386264"
"27.1149997711182","-5.65249395370483","1.48056028410792"
"27.2150001525879","-5.70804786682129","1.4907328877598"
"27.3150005340576","-5.75791692733765","1.50009163189679"
"27.4150009155273","-5.81663942337036","1.51067099068314"
"27.5149993896484","-5.86683177947998","1.5201314818114"
"27.6149997711182","-5.92516899108887","1.53076171409339"
"27.7150001525879","-5.97790193557739","1.54047657269984"
"27.8150005340576","-6.0311107635498","1.55039469245821"
"27.9150009155273","-6.08901596069336","1.56056729611009"
"28.0149993896484","-6.1411919593811","1.57028203830123"
"28.1149997711182","-6.20157766342163","1.58091227058321"
"28.2150001525879","-6.25070333480835","1.59011839423329"
"28.3150005340576","-6.31023788452148","1.60069786943495"
"28.4150009155273","-6.36477088928223","1.61046348512173"
"28.5149993896484","-6.42119836807251","1.62073771934956"
"28.6149997711182","-6.47649574279785","1.63065595552325"
"28.7150001525879","-6.52804946899414","1.64011644665152"
"28.8150005340576","-6.58777666091919","1.65059417486191"
"28.9150009155273","-6.64058971405029","1.66015629656613"
"29.0149993896484","-6.70146751403809","1.67078652884811"
"29.1149997711182","-6.75555086135864","1.68029789347202"
"29.2150001525879","-6.81298685073853","1.69047038070858"
"29.3150005340576","-6.87095260620117","1.70059211086482"
"29.4150009155273","-6.92502212524414","1.71035772655159"
"29.5149993896484","-6.98533773422241","1.72073370777071"
"29.6149997711182","-7.03589153289795","1.73014332540333"
"29.7150001525879","-7.09964323043823","1.74077355768532"
"29.8150005340576","-7.15319013595581","1.75033579580486"
"29.9150009155273","-7.2145848274231","1.76081340759993"
"30.0149993896484","-7.27174997329712","1.7705790232867"
"30.1149997711182","-7.32761859893799","1.78034463897347"
"30.2150001525879","-7.38835000991821","1.79056811612099"
"30.3150005340576","-7.44294500350952","1.80013023782521"
"30.4150009155273","-7.5059289932251","1.81086221709847"
"30.5149993896484","-7.56122016906738","1.8202718347311"
"30.6149997711182","-7.62154531478882","1.8304951954633"
"30.7150001525879","-7.68020296096802","1.84046430513263"
"30.8150005340576","-7.73923635482788","1.85053516179323"
"30.9150009155273","-7.80071687698364","1.86080939602107"
"31.0149993896484","-7.854163646698","1.87006639316678"
"31.1149997711182","-7.91938209533691","1.8807474989444"
"31.2150001525879","-7.97477912902832","1.89025886356831"
"31.3150005340576","-8.03979587554932","1.9010417163372"
"31.4150009155273","-8.09628772735596","1.91055308096111"
"31.5149993896484","-8.15502452850342","1.92036957014352"
"31.6149997711182","-8.21837425231934","1.930694677867"
"31.7150001525879","-8.2732572555542","1.94015505257994"
"31.8150005340576","-8.33925151824951","1.95083627477288"
"31.9150009155273","-8.39374923706055","1.96014414541423"
"32.0149993896484","-8.45918655395508","1.97072350420058"
"32.1150016784668","-8.51742839813232","1.98038737289608"
"32.2150001525879","-8.57837009429932","1.99055997654796"
"32.314998626709","-8.64243507385254","2.00073258019984"
"32.4150009155273","-8.69707584381104","2.0100912079215"
"32.5149993896484","-8.76253318786621","2.02061980962753"
"32.6150016784668","-8.81900882720947","2.03013117425144"
"32.7150001525879","-8.88834571838379","2.04106653109193"
"32.814998626709","-8.94398593902588","2.05037440173328"
"32.9150009155273","-9.0054292678833","2.0604960154742"
"33.0149993896484","-9.06787586212158","2.07046512514353"
"33.1150016784668","-9.12744808197021","2.08017998374999"
"33.2150001525879","-9.19484043121338","2.09086108952761"
"33.314998626709","-9.2514181137085","2.10021971724927"
"33.4150009155273","-9.31913661956787","2.11085006594658"
"33.5149993896484","-9.37802982330322","2.1204121876508"
"33.6150016784668","-9.44320678710938","2.13078828528523"
"33.7150001525879","-9.5044116973877","2.14050291106105"
"33.814998626709","-9.56328105926514","2.15006526559591"
"33.9150009155273","-9.63111209869385","2.16064462438226"
"34.0149993896484","-9.69132614135742","2.17020674608648"
"34.1150016784668","-9.76153373718262","2.18098959885538"
"34.2150001525879","-9.81998443603516","2.19034845940769"
"34.314998626709","-9.88218307495117","2.20031733624637"
"34.4150009155273","-9.9493408203125","2.21043918281794"
"34.5149993896484","-10.0113725662231","2.22030654549599"
"34.6150016784668","-10.0792932510376","2.23083491437137"
"34.7150001525879","-10.1385202407837","2.24029552191496"
"34.814998626709","-10.2082529067993","2.25082412362099"
"34.9150009155273","-10.2671699523926","2.26018275134265"
"35.0149993896484","-10.3357048034668","2.270762110129"
"35.1150016784668","-10.3991193771362","2.28052772581577"
"35.2150001525879","-10.4598388671875","2.29019182734191"
"35.314998626709","-10.5291786193848","2.30056769214571"
"35.4150009155273","-10.5929155349731","2.3102315608412"
"35.5149993896484","-10.6652803421021","2.3210144136101"
"35.6150016784668","-10.7229452133179","2.33006803318858"
"35.7150001525879","-10.7925596237183","2.34059663489461"
"35.814998626709","-10.8557291030884","2.35026050359011"
"35.9150009155273","-10.9212713241577","2.36033136025071"
"36.0149993896484","-10.9914960861206","2.3707072250545"
"36.1150016784668","-11.0515823364258","2.38011684268713"
"36.2150001525879","-11.124002456665","2.39084893837571"
"36.314998626709","-11.1859846115112","2.40025855600834"
"36.4150009155273","-11.2557058334351","2.41078692488372"
"36.5149993896484","-11.3174266815186","2.42034927941859"
"36.6150016784668","-11.3865489959717","2.43057264015079"
"36.7150001525879","-11.4536428451538","2.44064326398075"
"36.814998626709","-11.5163793563843","2.45030736550689"
"36.9150009155273","-11.5889406204224","2.46088672429323"
"37.0149993896484","-11.6500005722046","2.4702453520149"
"37.1150016784668","-11.7210760116577","2.48067220672965"
"37.2150001525879","-11.7846555709839","2.49018357135355"
"37.314998626709","-11.8558835983276","2.50066118314862"
"37.4150009155273","-11.923957824707","2.51063029281795"
"37.5149993896484","-11.9875440597534","2.52019264735281"
"37.6150016784668","-12.0595359802246","2.5307210162282"
"37.7150001525879","-12.1231088638306","2.5403848849237"
"37.814998626709","-12.1963214874268","2.551015233621"
"37.9150009155273","-12.2577896118164","2.56027234718204"
"38.0149993896484","-12.3256845474243","2.57039396092296"
"38.1150016784668","-12.3955669403076","2.58056656457484"
"38.2150001525879","-12.4614238739014","2.59043392725289"
"38.314998626709","-12.5347862243652","2.60091153904796"
"38.4150009155273","-12.5955057144165","2.61016841977835"
"38.5149993896484","-12.6707706451416","2.62074801139534"
"38.6150016784668","-12.7356815338135","2.63020838610828"
"38.7150001525879","-12.8073844909668","2.64073698781431"
"38.814998626709","-12.8754777908325","2.65045184642076"
"38.9150009155273","-12.9441690444946","2.66036996617913"
"39.0149993896484","-13.0160140991211","2.67064408399165"
"39.1150016784668","-13.081470489502","2.68025719560683"
"39.2150001525879","-13.158561706543","2.69088754430413"
"39.314998626709","-13.2199716567993","2.70019541494548"
"39.4150009155273","-13.2942409515381","2.71062226966023"
"39.5149993896484","-13.3617572784424","2.72043864242733"
"39.6150016784668","-13.4334907531738","2.73056048899889"
"39.7150001525879","-13.506420135498","2.74093635380268"
"39.814998626709","-13.5692253112793","2.75014247745275"
"39.9150009155273","-13.644585609436","2.7607218362391"
"40.0149993896484","-13.7075366973877","2.77008069679141"
"40.1150016784668","-13.7851819992065","2.78091430664063"
"40.2150001525879","-13.8510799407959","2.79047666117549"
"40.314998626709","-13.9182901382446","2.80024227686226"
"40.4150009155273","-13.9941701889038","2.81061814166605"
"40.5149993896484","-14.0622701644897","2.82028201036155"
"40.6150016784668","-14.1387090682983","2.83075985498726"
"40.7150001525879","-14.2032241821289","2.84006772562861"
"40.814998626709","-14.2808027267456","2.85064708441496"
"40.9150009155273","-14.3476028442383","2.86020920611918"
"41.0149993896484","-14.4202966690063","2.87038180977106"
"41.1150016784668","-14.4907569885254","2.88040167652071"
"41.2150001525879","-14.5582256317139","2.88991304114461"
"41.314998626709","-14.6350345611572","2.90049239993095"
"41.4150009155273","-14.6999292373657","2.9099527746439"
"41.5149993896484","-14.777551651001","2.92068487033248"
"41.6150016784668","-14.8465747833252","2.93034873902798"
"41.7150001525879","-14.9183397293091","2.94041959568858"
"41.814998626709","-14.9900341033936","2.95038870535791"
"41.9150009155273","-15.0597534179688","2.96025606803596"
"42.0149993896484","-15.1394739151001","2.97078466974199"
"42.1150016784668","-15.2039422988892","2.98004155047238"
"42.2150001525879","-15.2811861038208","2.99062090925872"
"42.314998626709","-15.3520956039429","3.00028501078486"
"42.4150009155273","-15.4280319213867","3.01076262257993"
"42.5149993896484","-15.5012493133545","3.02062998525798"
"42.6150016784668","-15.5683507919312","3.03014134988189"
"42.7150001525879","-15.6458969116211","3.04061896167696"
"42.814998626709","-15.7157201766968","3.05028283037245"
"42.9150009155273","-15.7947044372559","3.06076067499816"
"43.0149993896484","-15.8623952865601","3.07017005980015"
"43.1150016784668","-15.9406003952026","3.08064790442586"
"43.2150001525879","-16.0132369995117","3.09056602418423"
"43.314998626709","-16.0853824615479","3.10053513385355"
"43.4150009155273","-16.1629085540771","3.11086024157703"
"43.5149993896484","-16.2293758392334","3.1200663652271"
"43.6150016784668","-16.3107089996338","3.13074747100472"
"43.7150001525879","-16.3799896240234","3.14025883562863"
"43.814998626709","-16.4589004516602","3.15078743733466"
"43.9150009155273","-16.5323696136475","3.16055305302143"
"44.0149993896484","-16.6026306152344","3.17026791162789"
"44.1150016784668","-16.6808052062988","3.1805420294404"
"44.2150001525879","-16.751594543457","3.19025688804686"
"44.314998626709","-16.8341693878174","3.2009887509048"
"44.4150009155273","-16.9020538330078","3.21034761145711"
"44.5149993896484","-16.9808254241943","3.22077446617186"
"44.6150016784668","-17.0528526306152","3.23054008185863"
"44.7150001525879","-17.1283988952637","3.24061093851924"
"44.814998626709","-17.204740524292","3.25078330934048"
"44.9150009155273","-17.2711658477783","3.26004042290151"
"45.0149993896484","-17.3559665679932","3.27082327567041"
"45.1150016784668","-17.4273471832275","3.28038539737463"
"45.2150001525879","-17.5082054138184","3.29096475616097"
"45.314998626709","-17.5788478851318","3.3003743737936"
"45.4150009155273","-17.654727935791","3.31039447337389"
"45.5149993896484","-17.7322177886963","3.32046509720385"
"45.6150016784668","-17.8040866851807","3.33017995581031"
"45.7150001525879","-17.888370513916","3.34070855751634"
"45.814998626709","-17.9580974578857","3.35016893222928"
"45.9150009155273","-18.0415554046631","3.36069753393531"
"46.0149993896484","-18.1149806976318","3.37041239254177"
"46.1150016784668","-18.1955680847168","3.38078825734556"
"46.2150001525879","-18.2706317901611","3.39065562002361"
"46.314998626709","-18.3420257568359","3.40021774172783"
"46.4150009155273","-18.4252262115479","3.41079710051417"
"46.5149993896484","-18.4975337982178","3.42030846513808"
"46.6150016784668","-18.5846424102783","3.43124405480921"
"46.7150001525879","-18.6530456542969","3.44039918854833"
"46.814998626709","-18.7324333190918","3.45057179220021"
"46.9150009155273","-18.8095302581787","3.46043915487826"
"47.0149993896484","-18.8864421844482","3.47035727463663"
"47.1150016784668","-18.9695777893066","3.4806823823601"
"47.2150001525879","-19.0399894714355","3.48993949592113"
"47.314998626709","-19.1240291595459","3.50046809762716"
"47.4150009155273","-19.1999530792236","3.51023371331394"
"47.5149993896484","-19.282205581665","3.520711325109"
"47.6150016784668","-19.3577690124512","3.53032443672419"
"47.7150001525879","-19.4323654174805","3.54009005241096"
"47.814998626709","-19.5170192718506","3.5506694111973"
"47.9150009155273","-19.5905742645264","3.56023153290153"
"48.0149993896484","-19.6757736206055","3.57086188159883"
"48.1150016784668","-19.7452030181885","3.58016975224018"
"48.2150001525879","-19.8308181762695","3.59069835394621"
"48.314998626709","-19.905689239502","3.60031146556139"
"48.4150009155273","-19.9851093292236","3.61043307930231"
"48.5149993896484","-20.070011138916","3.6208089441061"
"48.6150016784668","-20.1423587799072","3.63026955164969"
"48.7150001525879","-20.2285079956055","3.64079792052507"
"48.814998626709","-20.3010234832764","3.65015678107738"
"48.9150009155273","-20.3879680633545","3.66083788685501"
"49.0149993896484","-20.4626235961914","3.67034925147891"
"49.1150016784668","-20.5399360656738","3.680165624246"
"49.2150001525879","-20.6257781982422","3.69064346887171"
"49.314998626709","-20.7032470703125","3.70051083154976"
"49.4150009155273","-20.7912731170654","3.71119193732738"
"49.5149993896484","-20.8622531890869","3.72039806097746"
"49.6150016784668","-20.9496631622314","3.73092666268349"
"49.7150001525879","-21.0274314880371","3.7406412884593"
"49.814998626709","-21.1084175109863","3.75081389211118"
"49.9150009155273","-21.185604095459","3.76047776080668"
"50.0149993896484","-21.2602005004883","3.76998912543058"
"50.1150016784668","-21.3500175476074","3.78077197819948"
"50.2150001525879","-21.4246463775635","3.79018159583211"
"50.314998626709","-21.5132579803467","3.80086270160973"
"50.4150009155273","-21.5908584594727","3.81042482331395"
"50.5149993896484","-21.6743030548096","3.82074993103743"
"50.6150016784668","-21.7551879882813","3.83046478964388"
"50.7150001525879","-21.8343448638916","3.84028116241097"
"50.814998626709","-21.9213848114014","3.850809764117"
"50.9150009155273","-21.9953746795654","3.86011763475835"
"51.0149993896484","-22.0831394195557","3.8705444894731"
"51.1150016784668","-22.1605014801025","3.88015760108829"
"51.2150001525879","-22.2498817443848","3.89088969677687"
"51.314998626709","-22.328275680542","3.90060432255268"
"51.4150009155273","-22.4068412780762","3.9103701710701"
"51.5149993896484","-22.4922199249268","3.92064405605197"
"51.6150016784668","-22.5684051513672","3.9301048964262"
"51.7150001525879","-22.6591548919678","3.9408365264535"
"51.814998626709","-22.7345752716064","3.95029736682773"
"51.9150009155273","-22.8243312835693","3.96077474579215"
"52.0149993896484","-22.9059715270996","3.9706421084702"
"52.1150016784668","-22.9877128601074","3.98056022822857"
"52.2150001525879","-23.0787582397461","3.99098731577396"
"52.314998626709","-23.1560821533203","4.00049844756722"
"52.4150009155273","-23.2454471588135","4.01092553511262"
"52.5149993896484","-23.3216934204102","4.02023317292333"
"52.6150016784668","-23.4115238189697","4.03081253170967"
"52.7150001525879","-23.4907875061035","4.04042564332485"
"52.814998626709","-23.5745334625244","4.05044574290514"
"52.9150009155273","-23.6617298126221","4.06066887080669"
"53.0149993896484","-23.7399787902832","4.07023122534156"
"53.1150016784668","-23.8301982879639","4.08075982704759"
"53.2150001525879","-23.9034023284912","4.08991519361734"
"53.314998626709","-23.9942359924316","4.10044379532337"
"53.4150009155273","-24.0737342834473","4.11005644127727"
"53.5149993896484","-24.1615543365479","4.12043277174234"
"53.6150016784668","-24.2480564117432","4.1307071223855"
"53.7150001525879","-24.3260707855225","4.14016749709845"
"53.814998626709","-24.4195232391357","4.15084837004542"
"53.9150009155273","-24.4963760375977","4.1601057164371"
"54.0149993896484","-24.5901527404785","4.1708373464644"
"54.1150016784668","-24.6690883636475","4.18029818683863"
"54.2150001525879","-24.756706237793","4.19047055765986"
"54.314998626709","-24.8454608917236","4.20069368556142"
"54.4150009155273","-24.9286460876465","4.21051029115915"
"54.5149993896484","-25.0203323364258","4.22098813578486"
"54.6150016784668","-25.0954189300537","4.23014350235462"
"54.7150001525879","-25.1888160705566","4.24072286114097"
"54.814998626709","-25.2693176269531","4.25028475001454"
"54.9150009155273","-25.3618221282959","4.26086457446218"
"55.0149993896484","-25.4439373016357","4.27052844315767"
"55.1150016784668","-25.5254039764404","4.28024306893349"
"55.2150001525879","-25.6168537139893","4.29061893373728"
"55.314998626709","-25.6965885162354","4.30018128827214"
"55.4150009155273","-25.7916164398193","4.3108114041388"
"55.5149993896484","-25.869312286377","4.3201195076108"
"55.6150016784668","-25.9620494842529","4.33054612949491"
"55.7150001525879","-26.0463790893555","4.34041349217296"
"55.814998626709","-26.1319408416748","4.35038283467293"
"55.9150009155273","-26.2270355224609","4.36091097071767"
"56.0149993896484","-26.3064212799072","4.3703205883503"
"56.1150016784668","-26.3992900848389","4.38084919005632"
"56.2150001525879","-26.4814491271973","4.3904623016715"
"56.314998626709","-26.5740814208984","4.40094014629722"
"56.4150009155273","-26.6562805175781","4.41050203517079"
"56.5149993896484","-26.7375011444092","4.42011514678597"
"56.6150016784668","-26.8324642181396","4.43059299141169"
"56.7150001525879","-26.9134082794189","4.44015534594655"
"56.814998626709","-27.0125064849854","4.45103971287608"
"56.9150009155273","-27.0897808074951","4.46024583652616"
"57.0149993896484","-27.1848526000977","4.47092717513442"
"57.1150016784668","-27.2714595794678","4.4805402867496"
"57.2150001525879","-27.356237411499","4.49050916358829"
"57.314998626709","-27.4465026855469","4.50052926316857"
"57.4150009155273","-27.5278453826904","4.51004039496183"
"57.5149993896484","-27.6223812103271","4.52056899666786"
"57.6150016784668","-27.7017116546631","4.53002937138081"
"57.7150001525879","-27.798583984375","4.5408122241497"
"57.814998626709","-27.876916885376","4.55032382160425"
"57.9150009155273","-27.948335647583","4.56029269844294"
"58.0149993896484","-28.0411815643311","4.57041431218386"
"58.1150016784668","-28.1234874725342","4.57992544397712"
"58.2150001525879","-28.2187557220459","4.59050526842475"
"58.314998626709","-28.2975196838379","4.59976214915514"
"58.4150009155273","-28.3933906555176","4.6103922650218"
"58.5149993896484","-28.4788646697998","4.62020887061954"
"58.6150016784668","-28.5744037628174","4.6308389864862"
"58.7150001525879","-28.6648941040039","4.6409098431468"
"58.814998626709","-28.7469596862793","4.65031946077943"
"58.9150009155273","-28.8473949432373","4.66100079938769"
"59.0149993896484","-28.9300651550293","4.67046117410064"
"59.1150016784668","-29.0273342132568","4.68104053288698"
"59.2150001525879","-29.1082401275635","4.69024665653706"
"59.314998626709","-29.2002639770508","4.70052100718021"
"59.4150009155273","-29.2915306091309","4.7104898840189"
"59.5149993896484","-29.3784580230713","4.72035724669695"
"59.6150016784668","-29.4736633300781","4.73083509132266"
"59.7150001525879","-29.5529155731201","4.74014272913337"
"59.814998626709","-29.6522426605225","4.75082406774163"
"59.9150009155273","-29.734992980957","4.76023368537426"
"60.0149993896484","-29.8338508605957","4.77091502398252"
"60.1150016784668","-29.92063331604","4.78052766993642"
"60.2150001525879","-30.0071601867676","4.79024276137352"
"60.314998626709","-30.1045436859131","4.80072014033794"
"60.4150009155273","-30.1869869232178","4.81023173779249"
"60.5149993896484","-30.2909660339355","4.82096383348107"
"60.6150016784668","-30.3720092773438","4.83022071421146"
"60.7150001525879","-30.469554901123","4.84069855883718"
"60.814998626709","-30.5590343475342","4.85041318461299"
"60.9150009155273","-30.6509017944336","4.86053479835391"
"61.0149993896484","-30.7425079345703","4.87065641209483"
"61.1150016784668","-30.8247261047363","4.88001527264714"
"61.2150001525879","-30.9250755310059","4.89069614559412"
"61.314998626709","-31.0079746246338","4.90010576322675"
"61.4150009155273","-31.107349395752","4.91078710183501"
"61.5149993896484","-31.1923732757568","4.92029823362827"
"61.6150016784668","-31.2810134887695","4.93021681904793"
"61.7150001525879","-31.3746395111084","4.9405419267714"
"61.814998626709","-31.4618701934814","4.95030730962753"
"61.9150009155273","-31.5608291625977","4.96093742549419"
"62.0149993896484","-31.6398868560791","4.97009279206395"
"62.1150016784668","-31.7398357391357","4.9806721508503"
"62.2150001525879","-31.8277759552002","4.99028526246548"
"DAQ: Time, … - (Timed)   "
"Test: Compression_ramp_hold_test_Clay"
"Test Run: Test Run 79"
"Date: 2/23/2025 12:08:21 PM"
""
""
"Time ","_Load ","_Extension "
"sec","N","mm"
"10.003999710083","-0.0818149298429489","0.00859578449308174"
"10.1040000915527","-0.105386182665825","0.0199890146177495"
"10.2040004730225","-0.124769136309624","0.0302124026347883"
"10.3039999008179","-0.144686788320541","0.0407409679610282"
"10.4040002822876","-0.161950305104256","0.0500488276884425"
"10.503999710083","-0.183248892426491","0.0607299807597883"
"10.6040000915527","-0.202055752277374","0.0702921533957124"
"10.7040004730225","-0.222983822226524","0.0808207187219523"
"10.8039999008179","-0.242480918765068","0.0905863489606418"
"10.9040002822876","-0.262930244207382","0.10030111297965"
"11.003999710083","-0.283185720443726","0.110626220703125"
"11.1040000915527","-0.301495403051376","0.120086675451603"
"11.2040004730225","-0.324630409479141","0.130869550048374"
"11.3039999008179","-0.342447727918625","0.140177406137809"
"11.4040002822876","-0.365286231040955","0.15075683768373"
"11.503999710083","-0.385222524404526","0.160369876539335"
"11.6040000915527","-0.40674614906311","0.170491533936001"
"11.7040004730225","-0.429273933172226","0.180765797267668"
"11.8039999008179","-0.450257033109665","0.190124512300827"
"11.9040002822876","-0.474604845046997","0.200703943846747"
"12.003999710083","-0.495550394058228","0.210215250262991"
"12.1040000915527","-0.520894646644592","0.220845540752634"
"12.2040004730225","-0.542925238609314","0.230458579608239"
"12.3039999008179","-0.565908432006836","0.240376801230013"
"12.4040002822876","-0.589588582515717","0.250447599682957"
"12.503999710083","-0.61398047208786","0.260111497482285"
"12.6040000915527","-0.639997601509094","0.270894379355013"
"12.7040004730225","-0.661752164363861","0.280049658613279"
"12.8039999008179","-0.690112352371216","0.290730793494731"
"12.9040002822876","-0.714321732521057","0.300445564789698"
"13.003999710083","-0.740687191486359","0.310567236738279"
"13.1040000915527","-0.767263233661652","0.320638035191223"
"13.2040004730225","-0.792908847332001","0.330149341607466"
"13.3039999008179","-0.821609139442444","0.340677914209664"
"13.4040002822876","-0.847853124141693","0.350138347130269"
"13.503999710083","-0.87908810377121","0.360972102498636"
"13.6040000915527","-0.905310273170471","0.370381691027433"
"13.7040004730225","-0.933560073375702","0.380452489480376"
"13.8039999008179","-0.962713003158569","0.390421570045874"
"13.9040002822876","-0.990881562232971","0.400187185732648"
"14.003999710083","-1.02209031581879","0.410817476222292"
"14.1040000915527","-1.04951775074005","0.420125346863642"
"14.2040004730225","-1.08168792724609","0.430857355240732"
"14.3039999008179","-1.10990118980408","0.440317788161337"
"14.4040002822876","-1.14203226566315","0.450642924988642"
"14.503999710083","-1.17247462272644","0.46061200555414"
"14.6040000915527","-1.20191943645477","0.470174156362191"
"14.7040004730225","-1.2360668182373","0.480601011076942"
"14.8039999008179","-1.26660847663879","0.49026490887627"
"14.9040002822876","-1.3028461933136","0.500996946357191"
"15.003999710083","-1.3318886756897","0.51005044952035"
"15.1040000915527","-1.36744749546051","0.520629924722016"
"15.2040004730225","-1.400634765625","0.530446355696768"
"15.3039999008179","-1.43388521671295","0.540415465366095"
"15.4040002822876","-1.47100377082825","0.55074057308957"
"15.503999710083","-1.50253903865814","0.560150132514536"
"15.6040000915527","-1.53968727588654","0.570831296499819"
"15.7040004730225","-1.57386195659637","0.580240914132446"
"15.8039999008179","-1.60959768295288","0.590718584135175"
"15.9040002822876","-1.64451456069946","0.600484199821949"
"16.003999710083","-1.67957377433777","0.610249873716384"
"16.1040000915527","-1.71697413921356","0.620625854935497"
"16.2040004730225","-1.75037920475006","0.630238850135356"
"16.3040008544922","-1.79098188877106","0.641021761111915"
"16.4039993286133","-1.82399201393127","0.650227884761989"
"16.503999710083","-1.86263501644135","0.66065473947674"
"16.6040000915527","-1.89919590950012","0.6702677346766"
"16.7040004730225","-1.93694221973419","0.680542027112097"
"16.8040008544922","-1.97580766677856","0.690663699060678"
"16.9039993286133","-2.0113091468811","0.700175005476922"
"17.003999710083","-2.05319309234619","0.710805295966566"
"17.1040000915527","-2.08878231048584","0.720214855391532"
"17.2040004730225","-2.13159990310669","0.730794272385538"
"17.3040008544922","-2.1674165725708","0.740254763513803"
"17.4039993286133","-2.20693421363831","0.75022381497547"
"17.503999710083","-2.24694085121155","0.760498049203306"
"17.6040000915527","-2.28543734550476","0.770314538385719"
"17.7040004730225","-2.32830715179443","0.780843140091747"
"17.8040008544922","-2.3644483089447","0.790252699516714"
"17.9039993286133","-2.40807604789734","0.800781243015081"
"18.003999710083","-2.4449520111084","0.810190860647708"
"18.1040000915527","-2.48683333396912","0.820566841866821"
"18.2040004730225","-2.52747774124146","0.830434204544872"
"18.3040008544922","-2.56675148010254","0.840199820231646"
"18.4039993286133","-2.61022591590881","0.850677490234375"
"18.503999710083","-2.6487181186676","0.860087107867002"
"18.6040000915527","-2.69431662559509","0.870819087140262"
"18.7040004730225","-2.73262786865234","0.880177831277251"
"18.8040008544922","-2.77470564842224","0.89040125021711"
"18.9039993286133","-2.81833744049072","0.900522863958031"
"19.003999710083","-2.85872220993042","0.910339353140444"
"19.1040000915527","-2.904221534729","0.920867954846472"
"19.2040004730225","-2.94199752807617","0.930124951992184"
"19.3040008544922","-2.98873591423035","0.940704368986189"
"19.4039993286133","-3.02882766723633","0.950215675402433"
"19.503999710083","-3.07565903663635","0.9607442189008"
"19.6040000915527","-3.11695337295532","0.970459019299597"
"19.7040004730225","-3.16028904914856","0.980326323769987"
"19.8040008544922","-3.20657444000244","0.9907023049891"
"19.9039993286133","-3.24801206588745","1.000213669613"
"20.003999710083","-3.29741239547729","1.01084390189499"
"20.1040000915527","-3.33719420433044","1.02015177253634"
"20.2040004730225","-3.38491344451904","1.03052775375545"
"20.3040008544922","-3.43021583557129","1.0403951164335"
"20.4039993286133","-3.4755163192749","1.05051684658974"
"20.503999710083","-3.52360272407532","1.06079108081758"
"20.6040000915527","-3.56647872924805","1.07020058203489"
"20.7040004730225","-3.61534714698792","1.08067831024528"
"20.8040008544922","-3.65693044662476","1.0900879278779"
"20.9039993286133","-3.70620179176331","1.10076903365552"
"21.003999710083","-3.75116038322449","1.11043301876634"
"21.1040000915527","-3.79637932777405","1.12040201202035"
"21.2040004730225","-3.844646692276","1.13067624624819"
"21.3040008544922","-3.88950753211975","1.140340231359"
"21.4039993286133","-3.94115138053894","1.15097046364099"
"21.503999710083","-3.98363471031189","1.16007495671511"
"21.6040000915527","-4.03463459014893","1.17060344200581"
"21.7040004730225","-4.08139514923096","1.18036905769259"
"21.8040008544922","-4.13051128387451","1.19064329192042"
"21.9039993286133","-4.18102550506592","1.20071414858103"
"22.003999710083","-4.2260046005249","1.21022551320493"
"22.1040000915527","-4.2780122756958","1.22075399849564"
"22.2040004730225","-4.32283401489258","1.23001099564135"
"22.3040008544922","-4.37745141983032","1.24084472190589"
"22.4039993286133","-4.42244863510132","1.25030521303415"
"22.503999710083","-4.4723596572876","1.26042682677507"
"22.6040000915527","-4.52327823638916","1.27065030392259"
"22.7040004730225","-4.57096719741821","1.28036504611373"
"22.8040008544922","-4.62344312667847","1.29084277432412"
"22.9039993286133","-4.66925477981567","1.30015064496547"
"23.003999710083","-4.72275257110596","1.31067913025618"
"23.1040000915527","-4.77042579650879","1.32019049488008"
"23.2040004730225","-4.82351350784302","1.33082072716206"
"23.3040008544922","-4.87361431121826","1.34048471227288"
"23.4039993286133","-4.92268323898315","1.35014858096838"
"23.503999710083","-4.9764256477356","1.36057543568313"
"23.6040000915527","-5.02441453933716","1.37013755738735"
"23.7040004730225","-5.08038473129272","1.38086953666061"
"23.8040008544922","-5.12811803817749","1.39027915429324"
"23.9039993286133","-5.18214797973633","1.40055338852108"
"24.003999710083","-5.23322057723999","1.41042075119913"
"24.1040000915527","-5.28560066223145","1.42054248135537"
"24.2040004730225","-5.34012651443481","1.43076584208757"
"24.3040008544922","-5.38864278793335","1.44012458622456"
"24.4039993286133","-5.44507837295532","1.4507039450109"
"24.503999710083","-5.49604463577271","1.46036793012172"
"24.6040000915527","-5.5500168800354","1.47084554191679"
"24.7040004730225","-5.6009783744812","1.48040778003633"
"24.8040008544922","-5.65429735183716","1.49022426921874"
"24.9039993286133","-5.71024560928345","1.50054937694222"
"25.003999710083","-5.75988864898682","1.51011149864644"
"25.1040000915527","-5.81866598129272","1.52074184734374"
"25.2040004730225","-5.86826276779175","1.53010059148073"
"25.3040008544922","-5.92608451843262","1.54078169725835"
"25.4039993286133","-5.97711133956909","1.55039469245821"
"25.503999710083","-6.03421068191528","1.56066904310137"
"25.6040000915527","-6.0891580581665","1.57073978334665"
"25.7040004730225","-6.13812208175659","1.58014940097928"
"25.8040008544922","-6.19942378997803","1.59077963326126"
"25.9039993286133","-6.25039720535278","1.60024012438953"
"26.003999710083","-6.31083059310913","1.61102297715843"
"26.1040000915527","-6.36206722259521","1.62048346828669"
"26.2040004730225","-6.41621446609497","1.63040170446038"
"26.3040008544922","-6.47328948974609","1.64042157121003"
"26.4039993286133","-6.52737045288086","1.6501871868968"
"26.503999710083","-6.58709287643433","1.66071578860283"
"26.6040000915527","-6.63882732391357","1.67012540623546"
"26.7040004730225","-6.69956398010254","1.68075563851744"
"26.8040008544922","-6.75228691101074","1.69031787663698"
"26.9039993286133","-6.81071424484253","1.70069385785609"
"27.003999710083","-6.86590003967285","1.71045947354287"
"27.1040000915527","-6.91949224472046","1.72012334223837"
"27.2040004730225","-6.98147392272949","1.73070281744003"
"27.3040008544922","-7.0332818031311","1.74021406564862"
"27.4039993286133","-7.09663248062134","1.75089517142624"
"27.503999710083","-7.14985752105713","1.7603556625545"
"27.6040000915527","-7.20911645889282","1.77052814979106"
"27.7040004730225","-7.2662501335144","1.78039551246911"
"27.8040008544922","-7.32266139984131","1.7903137486428"
"27.9039993286133","-7.38524627685547","1.80079147685319"
"28.003999710083","-7.43872785568237","1.81020109448582"
"28.1040000915527","-7.50102567672729","1.82072957977653"
"28.2040004730225","-7.55584383010864","1.83013919740915"
"28.3040008544922","-7.61926889419556","1.84087117668241"
"28.4039993286133","-7.67504978179932","1.85043341480196"
"28.503999710083","-7.73297643661499","1.86030077748001"
"28.6040000915527","-7.79471206665039","1.87062588520348"
"28.7040004730225","-7.85151147842407","1.88028975389898"
"28.8040008544922","-7.91749858856201","1.89112348016351"
"28.9039993286133","-7.96898174285889","1.90022785682231"
"29.003999710083","-8.03206348419189","1.9107055850327"
"29.1040000915527","-8.08941268920898","1.92031869664788"
"29.2040004730225","-8.14796161651611","1.93033856339753"
"29.3040008544922","-8.210862159729","1.940663671121"
"29.4039993286133","-8.26531982421875","1.95012416224927"
"29.503999710083","-8.33195114135742","1.96080538444221"
"29.6040000915527","-8.38682842254639","1.97021500207484"
"29.7040004730225","-8.45388221740723","1.98094686493278"
"29.8040008544922","-8.50830268859863","1.99025473557413"
"29.9039993286133","-8.56977367401123","2.00042733922601"
"30.003999710083","-8.63168716430664","2.01049819588661"
"30.1040000915527","-8.69033622741699","2.02036555856466"
"30.2040004730225","-8.7568883895874","2.03099567443132"
"30.3040008544922","-8.81144714355469","2.04025278799236"
"30.4039993286133","-8.87775611877441","2.05078138969839"
"30.503999710083","-8.93470001220703","2.06024176441133"
"30.6040000915527","-8.99896907806396","2.07061762921512"
"30.7040004730225","-9.06082534790039","2.08068848587573"
"30.8040008544922","-9.11916923522949","2.09019985049963"
"30.9039993286133","-9.18559646606445","2.10083019919693"
"31.003999710083","-9.24344921112061","2.1103413309902"
"31.1040000915527","-9.31090354919434","2.12092092260718"
"31.2040004730225","-9.36786651611328","2.13017780333757"
"31.3040008544922","-9.43386745452881","2.14045215398073"
"31.4039993286133","-9.49644947052002","2.15042126365006"
"31.503999710083","-9.55945110321045","2.1604411303997"
"31.6040000915527","-9.62478828430176","2.17076623812318"
"31.7040004730225","-9.68196582794189","2.18007410876453"
"31.8040008544922","-9.75034046173096","2.19060271047056"
"31.9039993286133","-9.80996799468994","2.20016483217478"
"32.0040016174316","-9.87600803375244","2.21064244396985"
"32.1040000915527","-9.94092464447021","2.22061155363917"
"32.2039985656738","-10.0017757415771","2.23037716932595"
"32.3040008544922","-10.0675296783447","2.24065151996911"
"32.4039993286133","-10.1280498504639","2.25021364167333"
"32.5040016174316","-10.1988296508789","2.26099649444222"
"32.6040000915527","-10.2548942565918","2.27015186101198"
"32.7039985656738","-10.3226280212402","2.28047696873546"
"32.8040008544922","-10.3876008987427","2.29039508849382"
"32.9039993286133","-10.4535245895386","2.30056769214571"
"33.0040016174316","-10.5207414627075","2.31074029579759"
"33.1040000915527","-10.5793991088867","2.31999717652798"
"33.2039985656738","-10.6508636474609","2.3306782823056"
"33.3040008544922","-10.712082862854","2.3401896469295"
"33.4039993286133","-10.7819223403931","2.35081999562681"
"33.5040016174316","-10.8430509567261","2.36038211733103"
"33.6040000915527","-10.9093360900879","2.37040198408067"
"33.7039985656738","-10.976261138916","2.38062557764351"
"33.8040008544922","-11.0383329391479","2.39028944633901"
"33.9039993286133","-11.1097116470337","2.40097055211663"
"34.0040016174316","-11.169243812561","2.41012568585575"
"34.1040000915527","-11.241099357605","2.42080702446401"
"34.2039985656738","-11.3026351928711","2.43036914616823"
"34.3040008544922","-11.3712511062622","2.44069425389171"
"34.4039993286133","-11.4397964477539","2.45076511055231"
"34.5040016174316","-11.5017213821411","2.46027624234557"
"34.6040000915527","-11.5716381072998","2.47060135006905"
"34.7039985656738","-11.6357984542847","2.48011271469295"
"34.8040008544922","-11.7090177536011","2.49084481038153"
"34.9039993286133","-11.770791053772","2.50030518509448"
"35.0040016174316","-11.8396492004395","2.51052854582667"
"35.1040000915527","-11.9072322845459","2.52054864540696"
"35.2039985656738","-11.9720363616943","2.53041600808501"
"35.3040008544922","-12.0438938140869","2.54089361988008"
"35.4039993286133","-12.10364818573","2.55004898644984"
"35.5040016174316","-12.1761608123779","2.56057735532522"
"35.6040000915527","-12.2411479949951","2.570342971012"
"35.7039985656738","-12.3139324188232","2.58087157271802"
"35.8040008544922","-12.3798980712891","2.5906371884048"
"35.9039993286133","-12.4437408447266","2.60030128993094"
"36.0040016174316","-12.5169734954834","2.61072791181505"
"36.1040000915527","-12.5789728164673","2.62008677236736"
"36.2039985656738","-12.6553544998169","2.63081886805594"
"36.3040008544922","-12.718807220459","2.64022825285792"
"36.4039993286133","-12.790599822998","2.6505533605814"
"36.5040016174316","-12.8597717285156","2.66052247025073"
"36.6040000915527","-12.9271841049194","2.67049157992005"
"36.7039985656738","-12.9988861083984","2.68076593056321"
"36.8040008544922","-13.0610113143921","2.69007380120456"
"36.9039993286133","-13.1348285675049","2.70055141299963"
"37.0040016174316","-13.1974601745605","2.7099100407213"
"37.1040000915527","-13.2729158401489","2.72069312632084"
"37.2039985656738","-13.3396310806274","2.73035699501634"
"37.3040008544922","-13.4065952301025","2.74017336778343"
"37.4039993286133","-13.4787254333496","2.75039672851563"
"37.5040016174316","-13.5431003570557","2.76006059721112"
"37.6040000915527","-13.6207685470581","2.77089443989098"
"37.7039985656738","-13.6832551956177","2.78015155345201"
"37.8040008544922","-13.7589282989502","2.79062916524708"
"37.9039993286133","-13.827597618103","2.80039478093386"
"38.0040016174316","-13.8985109329224","2.81051639467478"
"38.1040000915527","-13.971004486084","2.82058725133538"
"38.2039985656738","-14.0346937179565","2.82999686896801"
"38.3040008544922","-14.1129598617554","2.84067797474563"
"38.4039993286133","-14.180492401123","2.85029108636081"
"38.5040016174316","-14.2574768066406","2.86097219213843"
"38.6040000915527","-14.3234081268311","2.87038180977106"
"38.7039985656738","-14.3940954208374","2.88050342351198"
"38.8040008544922","-14.4656505584717","2.89042154327035"
"38.9039993286133","-14.5324544906616","2.90008541196585"
"39.0040016174316","-14.6121311187744","2.91076675057411"
"39.1040000915527","-14.6771869659424","2.92017636820674"
"39.2039985656738","-14.7539863586426","2.93070473708212"
"39.3040008544922","-14.8217124938965","2.94026709161699"
"39.4039993286133","-14.8971166610718","2.95064295642078"
"39.5040016174316","-14.9680881500244","2.96045956201851"
"39.6040000915527","-15.0351486206055","2.96997069381177"
"39.7039985656738","-15.1143550872803","2.98055028542876"
"39.8040008544922","-15.184666633606","2.99031590111554"
"39.9039993286133","-15.2624435424805","3.00089525990188"
"40.0040016174316","-15.3298301696777","3.01035563461483"
"40.1040000915527","-15.4021911621094","3.02042649127543"
"40.2039985656738","-15.4770946502686","3.03044635802507"
"40.3040008544922","-15.5489625930786","3.0404154676944"
"40.4039993286133","-15.6260442733765","3.05079156532884"
"40.5040016174316","-15.6930074691772","3.06020118296146"
"40.6040000915527","-15.7746639251709","3.0709330458194"
"40.7039985656738","-15.8424987792969","3.08044441044331"
"40.8040008544922","-15.918851852417","3.09092202223837"
"40.9039993286133","-15.9889335632324","3.10053513385355"
"41.0040016174316","-16.0603713989258","3.11040249653161"
"41.1040000915527","-16.1363945007324","3.1206258572638"
"41.2039985656738","-16.2078685760498","3.13023896887898"
"41.3040008544922","-16.2886447906494","3.14097106456757"
"41.4039993286133","-16.3553409576416","3.15027870237827"
"41.5040016174316","-16.434627532959","3.16070555709302"
"41.6040000915527","-16.5063190460205","3.17042041569948"
"41.7039985656738","-16.5801868438721","3.1805420294404"
"41.8040008544922","-16.6593494415283","3.19091812707484"
"41.9039993286133","-16.7266368865967","3.2002767547965"
"42.0040016174316","-16.8080978393555","3.21085611358285"
"42.1040000915527","-16.8756313323975","3.22031672112644"
"42.2039985656738","-16.9554805755615","3.2309468369931"
"42.3040008544922","-17.0247669219971","3.24025470763445"
"42.4039993286133","-17.0971565246582","3.2501220703125"
"42.5040016174316","-17.1789798736572","3.26070166192949"
"42.6040000915527","-17.2518482208252","3.27046727761626"
"42.7039985656738","-17.3322200775146","3.28099587932229"
"42.8040008544922","-17.3989562988281","3.2901510130614"
"42.9039993286133","-17.4818134307861","3.30062885768712"
"43.0040016174316","-17.5544853210449","3.31029272638261"
"43.1040000915527","-17.6349010467529","3.32071958109736"
"43.2039985656738","-17.7104263305664","3.33058694377542"
"43.3040008544922","-17.7814292907715","3.34014906547964"
"43.4039993286133","-17.8639144897461","3.35072842426598"
"43.5040016174316","-17.9331817626953","3.36013804189861"
"43.6040000915527","-18.0167388916016","3.37081914767623"
"43.7039985656738","-18.0864505767822","3.38017800822854"
"43.8040008544922","-18.1647148132324","3.39045212604105"
"43.9039993286133","-18.2414894104004","3.40037047863007"
"44.0040016174316","-18.3166255950928","3.41033935546875"
"44.1040000915527","-18.4000263214111","3.42086795717478"
"44.2039985656738","-18.4692077636719","3.43007408082485"
"44.3040008544922","-18.5528430938721","3.44075518660247"
"44.4039993286133","-18.6240177154541","3.4501648042351"
"44.5040016174316","-18.7077579498291","3.46074439585209"
"44.6040000915527","-18.7836399078369","3.4704590216279"
"44.7039985656738","-18.8592224121094","3.48027562722564"
"44.8040008544922","-18.9433784484863","3.49075323902071"
"44.9039993286133","-19.0159645080566","3.50026460364461"
"45.0040016174316","-19.1026401519775","3.51094570942223"
"45.1040000915527","-19.1728439331055","3.5201518330723"
"45.2039985656738","-19.2549057006836","3.53062967769802"
"45.3040008544922","-19.3330192565918","3.54049680754542"
"45.4039993286133","-19.4088821411133","3.55051690712571"
"45.5040016174316","-19.4920864105225","3.56084201484919"
"45.6040000915527","-19.5626277923584","3.57020064257085"
"45.7039985656738","-19.6482067108154","3.58078023418784"
"45.8040008544922","-19.7195453643799","3.59013886190951"
"45.9039993286133","-19.8065700531006","3.60087095759809"
"46.0040016174316","-19.8813304901123","3.61048383638263"
"46.1040000915527","-19.9583072662354","3.62040218897164"
"46.2039985656738","-20.043794631958","3.63077805377543"
"46.3040008544922","-20.1194763183594","3.64049291238189"
"46.4039993286133","-20.2062091827393","3.65112302824855"
"46.5040016174316","-20.2780723571777","3.66022763773799"
"46.6040000915527","-20.3630924224854","3.67075600661337"
"46.7039985656738","-20.4402637481689","3.68047086521983"
"46.8040008544922","-20.5245780944824","3.69089771993458"
"46.9039993286133","-20.6028289794922","3.70076508261263"
"47.0040016174316","-20.6773643493652","3.71022545732558"
"47.1040000915527","-20.7646675109863","3.72085580602288"
"47.2039985656738","-20.8391742706299","3.73026542365551"
"47.3040008544922","-20.9256534576416","3.74094652943313"
"47.4039993286133","-20.9981250762939","3.75020364299417"
"47.5040016174316","-21.0819206237793","3.76047776080668"
"47.6040000915527","-21.1626071929932","3.77049762755632"
"47.7039985656738","-21.2372932434082","3.78000899218023"
"47.8040008544922","-21.3256359100342","3.79069009795785"
"47.9039993286133","-21.401538848877","3.80015070550144"
"48.0040016174316","-21.4888782501221","3.81078105419874"
"48.1040000915527","-21.564022064209","3.82024142891169"
"48.2039985656738","-21.6505451202393","3.83066828362644"
"48.3040008544922","-21.7319850921631","3.8405864033848"
"48.4039993286133","-21.8080425262451","3.8502502720803"
"48.5040016174316","-21.8934726715088","3.8604736328125"
"48.6040000915527","-21.970531463623","3.87013773433864"
"48.7039985656738","-22.0636291503906","3.88107309117913"
"48.8040008544922","-22.132776260376","3.89017746783793"
"48.9039993286133","-22.2183723449707","3.90055356547236"
"49.0040016174316","-22.299690246582","3.91047168523073"
"49.1040000915527","-22.3821792602539","3.92054254189134"
"49.2039985656738","-22.4690837860107","3.93081689253449"
"49.3040008544922","-22.5429954528809","3.9401245303452"
"49.4039993286133","-22.6321468353271","3.95065313205123"
"49.5040016174316","-22.7104358673096","3.96026624366641"
"49.6040000915527","-22.8026351928711","3.97099833935499"
"49.7039985656738","-22.8804035186768","3.98050947114825"
"49.8040008544922","-22.9614772796631","3.9903768338263"
"49.9039993286133","-23.0499649047852","4.00060042738914"
"50.0040016174316","-23.1244220733643","4.01006080210209"
"50.1040000915527","-23.2158946990967","4.02069091796875"
"50.2039985656738","-23.294641494751","4.03025327250361"
"50.3040008544922","-23.3860034942627","4.04093414545059"
"50.4039993286133","-23.4664611816406","4.05059847980738"
"50.5040016174316","-23.5522651672363","4.06087236478925"
"50.6040000915527","-23.6381244659424","4.07089246436954"
"50.7039985656738","-23.7153701782227","4.08030208200216"
"50.8040008544922","-23.8054733276367","4.09077992662787"
"50.9039993286133","-23.8827571868896","4.1001895442605"
"51.0040016174316","-23.974157333374","4.11081966012716"
"51.1040000915527","-24.0534629821777","4.12038201466203"
"51.2039985656738","-24.1373558044434","4.13035089150071"
"51.3040008544922","-24.2230587005615","4.1403197683394"
"51.4039993286133","-24.3070774078369","4.15018713101745"
"51.5040016174316","-24.4010848999023","4.16102120652795"
"51.6040000915527","-24.475793838501","4.17022733017802"
"51.7039985656738","-24.5667381286621","4.18075593188405"
"51.8040008544922","-24.6489391326904","4.19036857783794"
"51.9039993286133","-24.7353134155273","4.2006429284811"
"52.0040016174316","-24.8175888061523","4.21040877699852"
"52.1040000915527","-24.8945407867432","4.21991990879178"
"52.2039985656738","-24.9839210510254","4.23044851049781"
"52.3040008544922","-25.0640125274658","4.24011237919331"
"52.4039993286133","-25.1601295471191","4.2508952319622"
"52.5040016174316","-25.2371635437012","4.26025409251451"
"52.6040000915527","-25.3260517120361","4.27057920023799"
"52.7039985656738","-25.4117565155029","4.28044656291604"
"52.8040008544922","-25.4954090118408","4.29046619683504"
"52.9039993286133","-25.5884704589844","4.30084252730012"
"53.0040016174316","-25.6657085418701","4.31009940803051"
"53.1040000915527","-25.7601222991943","4.32072952389717"
"53.2039985656738","-25.8410091400146","4.33024112135172"
"53.3040008544922","-25.9352970123291","4.34087123721838"
"53.4039993286133","-26.0178260803223","4.35043359175324"
"53.5040016174316","-26.1026191711426","4.36035171151161"
"53.6040000915527","-26.1965770721436","4.37077833339572"
"53.7039985656738","-26.278377532959","4.38044220209122"
"53.8040008544922","-26.3734264373779","4.39102202653885"
"53.9039993286133","-26.4521255493164","4.40043164417148"
"54.0040016174316","-26.5420913696289","4.41065477207303"
"54.1040000915527","-26.6251964569092","4.42031864076853"
"54.2039985656738","-26.7143135070801","4.43049147725105"
"54.3040008544922","-26.8045501708984","4.44061309099197"
"54.4039993286133","-26.880931854248","4.44986997172236"
"54.5040016174316","-26.9790344238281","4.4608055613935"
"54.6040000915527","-27.0602798461914","4.47016395628452"
"54.7039985656738","-27.1542339324951","4.48064180091023"
"54.8040008544922","-27.2375431060791","4.49025491252542"
"54.9039993286133","-27.3262634277344","4.50042728334665"
"55.0040016174316","-27.4181594848633","4.51065087690949"
"55.1040000915527","-27.5010070800781","4.52036550268531"
"55.2039985656738","-27.5961036682129","4.53094486147165"
"55.3040008544922","-27.6741733551025","4.54015098512173"
"55.4039993286133","-27.7675476074219","4.55067958682775"
"55.5040016174316","-27.8506507873535","4.56024194136262"
"55.6040000915527","-27.9417304992676","4.57071932032704"
"55.7039985656738","-28.0265235900879","4.58068866282701"
"55.8040008544922","-28.108154296875","4.5903017744422"
"55.9039993286133","-28.2035064697266","4.60077915340662"
"56.0040016174316","-28.2868537902832","4.61034150794148"
"56.1040000915527","-28.380786895752","4.62092086672783"
"56.2039985656738","-28.4603004455566","4.6301269903779"
"56.3040008544922","-28.5533409118652","4.64035058394074"
"56.4039993286133","-28.6475734710693","4.6505737118423"
"56.5040016174316","-28.7369766235352","4.66054305434227"
"56.6040000915527","-28.8335056304932","4.67096967622638"
"56.7039985656738","-28.9120903015137","4.68022655695677"
"56.8040008544922","-29.0087585449219","4.69065364450216"
"56.9039993286133","-29.0920124053955","4.70016477629542"
"57.0040016174316","-29.1872501373291","4.71069337800145"
"57.1040000915527","-29.27414894104","4.72035724669695"
"57.2039985656738","-29.3619613647461","4.73027536645532"
"57.3040008544922","-29.4586181640625","4.74070245400071"
"57.4039993286133","-29.5435543060303","4.75026480853558"
"57.5040016174316","-29.6410503387451","4.76079294458032"
"57.6040000915527","-29.7240428924561","4.77020256221294"
"57.7039985656738","-29.8193435668945","4.78052766993642"
"57.8040008544922","-29.9087047576904","4.79039503261447"
"57.9039993286133","-30.0019302368164","4.80051711201668"
"58.0040016174316","-30.0994358062744","4.81084221974015"
"58.1040000915527","-30.1793174743652","4.81989560648799"
"58.2039985656738","-30.2794132232666","4.83052572235465"
"58.3040008544922","-30.3644428253174","4.84008807688951"
"58.4039993286133","-30.4627952575684","4.85061667859554"
"58.5040016174316","-30.5518493652344","4.86038206145167"
"58.6040000915527","-30.643762588501","4.87040216103196"
"58.7039985656738","-30.7365875244141","4.8806257545948"
"58.8040008544922","-30.7835521697998","4.89018764346838"
"58.9039993286133","-30.8884296417236","4.90076700225472"
"59.0040016174316","-30.9725475311279","4.91012586280704"
"59.1040000915527","-31.0718688964844","4.92070522159338"
"59.2039985656738","-31.1580829620361","4.93026757612824"
"59.3040008544922","-31.2525577545166","4.94064344093204"
"59.4039993286133","-31.3464870452881","4.95071429759264"
"59.5040016174316","-31.4315586090088","4.96017467230558"
"59.6040000915527","-31.5336380004883","4.97080478817225"
"59.7039985656738","-31.6158390045166","4.98006213456392"
"59.8040008544922","-31.7184829711914","4.99069225043058"
