Time ,_Load ,_Extension ,Time 2,_Load 2,_Extension 2,Time 3,_Load 3,_Extension 3
sec,N,mm,sec,N,mm,sec,N,mm
13.58600044,-0.070647843,0.004018148,12.41499996,-0.084993988,0.007425944,10.00399971,-0.08181493,0.008595784
13.68599987,-0.097896039,0.017038981,12.51500034,-0.110519096,0.019022624,10.10400009,-0.105386183,0.019989015
13.78600025,-0.122371256,0.029398601,12.61499977,-0.136205509,0.03036499,10.20400047,-0.124769136,0.030212403
13.88599968,-0.144350007,0.039469403,12.71500015,-0.155945629,0.040079754,10.3039999,-0.144686788,0.040740968
13.98600006,-0.16586718,0.050404869,12.81499958,-0.17868343,0.05081177,10.40400028,-0.161950305,0.050048828
14.08600044,-0.185311213,0.059967042,12.91499996,-0.196509004,0.060221355,10.50399971,-0.183248892,0.060729981
14.18599987,-0.19874759,0.070139569,13.01500034,-0.21698907,0.070495604,10.60400009,-0.202055752,0.070292153
14.28600025,-0.218333349,0.080261234,13.11499977,-0.238066673,0.080464684,10.70400047,-0.222983822,0.080820719
14.38599968,-0.239583969,0.090179448,13.21500015,-0.257001877,0.090433758,10.8039999,-0.242480919,0.090586349
14.48600006,-0.260348648,0.100555422,13.31499958,-0.27873227,0.100809739,10.90400028,-0.262930244,0.100301113
14.58600044,-0.278637439,0.109965011,13.41499996,-0.297254235,0.110168461,11.00399971,-0.28318572,0.110626221
14.68599987,-0.298913449,0.120595301,13.51500034,-0.319506258,0.120747885,11.10400009,-0.301495403,0.120086675
14.78600025,-0.316369146,0.13000489,13.61499977,-0.337115705,0.130106608,11.20400047,-0.324630409,0.13086955
14.88599968,-0.336016119,0.140584307,13.71500015,-0.360274673,0.140736898,11.3039999,-0.342447728,0.140177406
14.98600006,-0.353963047,0.150400796,13.81499958,-0.379828751,0.150502528,11.40400028,-0.365286231,0.150756838
15.08600044,-0.372528553,0.160369877,13.91499996,-0.400045723,0.160319018,11.50399971,-0.385222524,0.160369877
15.18599987,-0.387823999,0.170644125,14.01500034,-0.422350556,0.170644125,11.60400009,-0.406746149,0.170491534
15.28600025,-0.406605721,0.180104573,14.11499977,-0.442688257,0.180206305,11.70400047,-0.429273933,0.180765797
15.38599968,-0.427731872,0.190938314,14.21500015,-0.467221826,0.190938314,11.8039999,-0.450257033,0.190124512
15.48600006,-0.443201065,0.200144452,14.31499958,-0.486912459,0.200144452,11.90400028,-0.474604845,0.200703944
15.58600044,-0.45965299,0.210622151,14.41499996,-0.511558115,0.210571292,12.00399971,-0.495550394,0.21021525
15.68599987,-0.472553641,0.220336922,14.51500034,-0.532550037,0.220286063,12.10400009,-0.520894647,0.220845541
15.78600025,-0.493793398,0.230407721,14.61499977,-0.557537615,0.230509453,12.20400047,-0.542925239,0.23045858
15.88599968,-0.517028928,0.240834561,14.71500015,-0.582699358,0.240732828,12.3039999,-0.565908432,0.240376801
15.98600006,-0.536503434,0.250091573,14.81499958,-0.602871478,0.250091573,12.40400028,-0.589588583,0.2504476
16.08600044,-0.56016928,0.26067099,14.91499996,-0.629569054,0.260569272,12.50399971,-0.613980472,0.260111497
16.18600082,-0.581489444,0.270080578,15.01500034,-0.653825939,0.270131422,12.60400009,-0.639997602,0.270894379
16.2859993,-0.606508315,0.280812586,15.11499977,-0.680894434,0.280761713,12.70400047,-0.661752164,0.280049659
16.38599968,-0.628253579,0.290374766,15.21500015,-0.705107629,0.290374766,12.8039999,-0.690112352,0.290730793
16.48600006,-0.652488232,0.300394691,15.31499958,-0.731437624,0.300343847,12.90400028,-0.714321733,0.300445565
16.58600044,-0.675856769,0.310668955,15.41499996,-0.757324338,0.310668955,13.00399971,-0.740687191,0.310567237
16.68600082,-0.700932503,0.320231135,15.51500034,-0.780688405,0.320231135,13.10400009,-0.767263234,0.320638035
16.7859993,-0.728255272,0.330861425,15.61499977,-0.809727132,0.330861425,13.20400047,-0.792908847,0.330149342
16.88599968,-0.750323296,0.340118422,15.71500015,-0.833009362,0.340169267,13.3039999,-0.821609139,0.340677914
16.98600006,-0.778369367,0.350697839,15.81499958,-0.862900496,0.350646995,13.40400028,-0.847853124,0.350138347
17.08600044,-0.801829219,0.360361737,15.91499996,-0.888872385,0.360310893,13.50399971,-0.879088104,0.360972102
17.18600082,-0.830766797,0.370686845,16.01499939,-0.918947399,0.370686845,13.60400009,-0.905310273,0.370381691
17.2859993,-0.859787643,0.380706799,16.11499977,-0.947167873,0.380605081,13.70400047,-0.933560073,0.380452489
17.38599968,-0.886418343,0.390218105,16.21500015,-0.976140976,0.390268979,13.8039999,-0.962713003,0.39042157
17.48600006,-0.916610479,0.400695804,16.31500053,-1.007077813,0.400695804,13.90400028,-0.990881562,0.400187186
17.58600044,-0.942316711,0.410105393,16.41500092,-1.035883904,0.410054548,14.00399971,-1.022090316,0.410817476
17.68600082,-0.974470556,0.420837401,16.51499939,-1.070023417,0.420786557,14.10400009,-1.049517751,0.420125347
17.7859993,-1.00288403,0.430399581,16.61499977,-1.098409057,0.430348737,14.20400047,-1.081687927,0.430857355
17.88599968,-1.03317821,0.440521253,16.71500015,-1.130888581,0.44047038,14.3039999,-1.10990119,0.440317788
17.98600006,-1.063090563,0.450541178,16.81500053,-1.161029935,0.450541178,14.40400028,-1.142032266,0.450642925
18.08600044,-1.092774391,0.460357667,16.91500092,-1.192743063,0.460408541,14.50399971,-1.172474623,0.460612006
18.18600082,-1.123936415,0.47088624,17.01499939,-1.226093411,0.470835366,14.60400009,-1.201919436,0.470174156
18.2859993,-1.152400494,0.480092393,17.11499977,-1.254459858,0.480092393,14.70400047,-1.236066818,0.480601011
18.38599968,-1.185252428,0.49067178,17.21500015,-1.289695263,0.490722654,14.8039999,-1.266608477,0.490264909
18.48600006,-1.216297388,0.500437454,17.31500053,-1.319775462,0.500335707,14.90400028,-1.302846193,0.500996946
18.58600044,-1.249806166,0.510864251,17.41500092,-1.355230212,0.510813436,15.00399971,-1.331888676,0.51005045
18.68600082,-1.280350327,0.520528178,17.51499939,-1.388395309,0.520629925,15.10400009,-1.367447495,0.520629925
18.7859993,-1.3115412,0.530344667,17.61499977,-1.421707988,0.53024292,15.20400047,-1.400634766,0.530446356
18.88599968,-1.345001817,0.540568028,17.71500015,-1.457344532,0.540568028,15.3039999,-1.433885217,0.540415465
18.98600006,-1.37637639,0.550181081,17.81500053,-1.489279628,0.550079334,15.40400028,-1.471003771,0.550740573
19.08600044,-1.411550045,0.560862245,17.91500092,-1.528154254,0.560913119,15.50399971,-1.502539039,0.560150133
19.18600082,-1.441969514,0.570271804,18.01499939,-1.559672594,0.570119242,15.60400009,-1.539687276,0.570831296
19.2859993,-1.477640748,0.580647786,18.11499977,-1.596657634,0.580698659,15.70400047,-1.573861957,0.580240914
19.38599968,-1.510825515,0.590464275,18.21500015,-1.630991817,0.590362586,15.8039999,-1.609597683,0.590718584
19.48600006,-1.545725107,0.6004842,18.31500053,-1.668033957,0.6004842,15.90400028,-1.644514561,0.6004842
19.58600044,-1.581665754,0.610758492,18.41500092,-1.705606818,0.610707619,16.00399971,-1.679573774,0.610249874
19.68600082,-1.613359451,0.620066363,18.51499939,-1.739211559,0.620066363,16.10400009,-1.716974139,0.620625855
19.7859993,-1.649457812,0.630747469,18.61499977,-1.777842522,0.630798342,16.20400047,-1.750379205,0.63023885
19.88599968,-1.681441307,0.640258833,18.71500015,-1.812228322,0.640309649,16.30400085,-1.790981889,0.641021761
19.98600006,-1.72020793,0.650889124,18.81500053,-1.851206064,0.650889124,16.40399933,-1.823992014,0.650227885
20.08600044,-1.75311923,0.660451245,18.91500092,-1.886273623,0.66040043,16.50399971,-1.862635016,0.660654739
20.18600082,-1.789151788,0.670420355,19.01499939,-1.922740817,0.670420355,16.60400009,-1.89919591,0.670267735
20.2859993,-1.826528788,0.680542027,19.11499977,-1.962192178,0.680491154,16.70400047,-1.93694222,0.680542027
20.38599968,-1.861054897,0.690155022,19.21500015,-1.998468637,0.690104207,16.80400085,-1.975807667,0.690663699
20.48600006,-1.901492,0.70088706,19.31500053,-2.041496754,0.70088706,16.90399933,-2.011309147,0.700175005
20.58600044,-1.935664654,0.710245804,19.41500092,-2.075657606,0.710093183,17.00399971,-2.053193092,0.710805296
20.68600082,-1.973602295,0.720570912,19.51499939,-2.117063761,0.720621785,17.10400009,-2.08878231,0.720214855
20.7859993,-2.01209712,0.730336527,19.61499977,-2.154808521,0.730336527,17.20400047,-2.131599903,0.730794272
20.88599968,-2.050264597,0.740610762,19.71500015,-2.195756674,0.740661635,17.30400085,-2.167416573,0.740254764
20.98600006,-2.088273764,0.750630745,19.81500053,-2.235992193,0.750478124,17.40399933,-2.206934214,0.750223815
21.08600044,-2.124288321,0.760091178,19.91500092,-2.272130489,0.760040304,17.50399971,-2.246940851,0.760498049
21.18600082,-2.164972305,0.770721468,20.01499939,-2.316562176,0.770721468,17.60400009,-2.285437346,0.770314538
21.2859993,-2.200784922,0.780283648,20.11499977,-2.353830576,0.780283648,17.70400047,-2.328307152,0.78084314
21.38599968,-2.242793083,0.790913939,20.21500015,-2.396550894,0.790863065,17.80400085,-2.364448309,0.7902527
21.48600006,-2.278879166,0.800374371,20.31500053,-2.435239077,0.800425245,17.90399933,-2.408076048,0.800781243
21.58600044,-2.317329645,0.810496043,20.41500092,-2.475142241,0.81044517,18.00399971,-2.444952011,0.810190861
21.68600082,-2.356826067,0.820566842,20.51499939,-2.515250444,0.820465095,18.10400009,-2.486833334,0.820566842
21.7859993,-2.394476652,0.830230711,20.61499977,-2.554801464,0.830179895,18.20400047,-2.527477741,0.830434205
21.88599968,-2.438031435,0.840759312,20.71500015,-2.598954439,0.840759312,18.30400085,-2.56675148,0.84019982
21.98600006,-2.474558353,0.850168872,20.81500053,-2.636516094,0.850067183,18.40399933,-2.610225916,0.85067749
22.08600044,-2.517244816,0.860799162,20.91500092,-2.681596518,0.860748289,18.50399971,-2.648718119,0.860087108
22.18600082,-2.556678295,0.870259653,21.01499939,-2.721562386,0.87020878,18.60400009,-2.694316626,0.870819087
22.2859993,-2.599567413,0.880788197,21.11499977,-2.765007496,0.880584761,18.70400047,-2.732627869,0.880177831
22.38599968,-2.63920331,0.890502939,21.21500015,-2.808056355,0.890452066,18.80400085,-2.774705648,0.89040125
22.48600006,-2.678747416,0.900217739,21.31500053,-2.848450899,0.900115992,18.90399933,-2.81833744,0.900522864
22.58600044,-2.722474575,0.910695409,21.41500092,-2.89545536,0.910695409,19.00399971,-2.85872221,0.910339353
22.68600082,-2.761697054,0.920308463,21.51499939,-2.935091972,0.920206716,19.10400009,-2.904221535,0.920867955
22.7859993,-2.808668852,0.930938753,21.61499977,-2.982553482,0.930989627,19.20400047,-2.941997528,0.930124952
22.88599968,-2.846502542,0.940297497,21.71500015,-3.023449421,0.940246624,19.30400085,-2.988735914,0.940704369
22.98600006,-2.889075279,0.950469985,21.81500053,-3.068353653,0.950571732,19.40399933,-3.028827667,0.950215675
23.08600044,-2.931938887,0.960439094,21.91500092,-3.1116364,0.960439094,19.50399971,-3.075659037,0.960744219
23.18600082,-2.974243879,0.970357272,22.01499939,-3.153100014,0.970306399,19.60400009,-3.116953373,0.970459019
23.2859993,-3.018986702,0.980784069,22.11499977,-3.200611591,0.980733312,19.70400047,-3.160289049,0.980326324
23.38599968,-3.058482647,0.990142813,22.21500015,-3.24135375,0.990142813,19.80400085,-3.20657444,0.990702305
23.48600006,-3.105606556,1.000773162,22.31500053,-3.288887024,1.000773162,19.90399933,-3.248012066,1.00021367
23.58600044,-3.14695406,1.010233536,22.41500092,-3.331835747,1.010233536,20.00399971,-3.297412395,1.010843902
23.68600082,-3.194025755,1.020711265,22.51499939,-3.378914118,1.020711265,20.10400009,-3.337194204,1.020151773
23.7859993,-3.236306906,1.030426007,22.61499977,-3.421048641,1.030324376,20.20400047,-3.384913445,1.030527754
23.88599968,-3.279491663,1.040242496,22.71500015,-3.463128328,1.040242496,20.30400085,-3.430215836,1.040395116
23.98600006,-3.327943325,1.050618477,22.81500053,-3.511748314,1.050567604,20.40399933,-3.475516319,1.050516847
24.08600044,-3.36907053,1.060180715,22.91500092,-3.555836201,1.060231589,20.50399971,-3.523602724,1.060791081
24.18600082,-3.420285225,1.070963568,23.01499939,-3.60804081,1.071014442,20.60400009,-3.566478729,1.070200582
24.2859993,-3.46109128,1.080271439,23.11499977,-3.649505138,1.080169692,20.70400047,-3.615347147,1.08067831
24.38599968,-3.508310556,1.09064742,23.21500015,-3.69891572,1.090698293,20.80400085,-3.656930447,1.090087928
24.48600006,-3.551775217,1.100311289,23.31500053,-3.74407196,1.100260415,20.90399933,-3.706201792,1.100769034
24.58600044,-3.599315882,1.110433019,23.41500092,-3.792276382,1.110483892,21.00399971,-3.751160383,1.110433019
24.68600082,-3.646127224,1.120656379,23.51499939,-3.840872288,1.120707253,21.10400009,-3.796379328,1.120402012
24.7859993,-3.689599514,1.130167628,23.61499977,-3.885522842,1.130167628,21.20400047,-3.844646692,1.130676246
24.88599968,-3.739318609,1.140696229,23.71500015,-3.936218739,1.140747103,21.30400085,-3.889507532,1.140340231
24.98600006,-3.781928539,1.150156721,23.81500053,-3.980737209,1.150207594,21.40399933,-3.941151381,1.150970464
25.08600044,-3.834404945,1.160837826,23.91500092,-4.031689167,1.160837826,21.50399971,-3.98363471,1.160074957
25.18600082,-3.878905296,1.170349191,24.01499939,-4.078260422,1.170349191,21.60400009,-4.03463459,1.170603442
25.2859993,-3.924670935,1.180267311,24.11499977,-4.126145363,1.180267311,21.70400047,-4.081395149,1.180369058
25.38599968,-3.973881483,1.190541661,24.21500015,-4.175975323,1.190592535,21.80400085,-4.130511284,1.190643292
25.48600006,-4.02092886,1.200358151,24.31500053,-4.221710682,1.200256404,21.90399933,-4.181025505,1.200714149
25.58600044,-4.072663307,1.210937509,24.41500092,-4.276321888,1.210937509,22.00399971,-4.226004601,1.210225513
25.68600082,-4.115844727,1.220143633,24.51499939,-4.320014,1.220092759,22.10400009,-4.278012276,1.220753998
25.7859993,-4.167826176,1.230723108,24.61499977,-4.372573853,1.230672235,22.20400047,-4.322834015,1.230010996
25.88599968,-4.213053226,1.240234356,24.71500015,-4.419211864,1.24028523,22.30400085,-4.37745142,1.240844722
25.98600006,-4.262753963,1.250610338,24.81500053,-4.471159935,1.250661211,22.40399933,-4.422448635,1.250305213
26.08600044,-4.311135769,1.260579447,24.91500092,-4.520328045,1.260528574,22.50399971,-4.472359657,1.260426827
26.18600082,-4.356544971,1.270141685,25.01499939,-4.568293095,1.270243316,22.60400009,-4.523278236,1.270650304
26.2859993,-4.409840107,1.280822791,25.11499977,-4.621396542,1.280771918,22.70400047,-4.570967197,1.280365046
26.38599968,-4.454907894,1.290232409,25.21500015,-4.668257236,1.290232409,22.80400085,-4.623443127,1.290842774
26.48600006,-4.507751942,1.300811768,25.31500053,-4.721187115,1.300862641,22.90399933,-4.66925478,1.300150645
26.58600044,-4.554059982,1.310272259,25.41500092,-4.767901421,1.310272259,23.00399971,-4.722752571,1.31067913
26.68600082,-4.604558468,1.320597366,25.51499939,-4.819346905,1.320546493,23.10400009,-4.770425797,1.320190495
26.7859993,-4.654622555,1.330464729,25.61499977,-4.870882034,1.330515603,23.20400047,-4.823513508,1.330820727
26.88599968,-4.702963352,1.340382965,25.71500015,-4.919672489,1.340332092,23.30400085,-4.873614311,1.340484712
26.98600006,-4.757392406,1.350860577,25.81500053,-4.974712849,1.35080982,23.40399933,-4.922683239,1.350148581
27.08600044,-4.802445412,1.360168448,25.91500092,-5.020352364,1.360066817,23.50399971,-4.976425648,1.360575436
27.18600082,-4.857169628,1.370747923,26.01499939,-5.077717304,1.370747923,23.60400009,-5.024414539,1.370137557
27.2859993,-4.903915405,1.380208414,26.11499977,-5.124251366,1.380208414,23.70400047,-5.080384731,1.380869537
27.38599968,-4.957009315,1.390736899,26.21500015,-5.180211067,1.390736899,23.80400085,-5.128118038,1.390279154
27.48600006,-5.007402897,1.400553389,26.31500053,-5.231002808,1.400502515,23.90399933,-5.18214798,1.400553389
27.58600044,-5.05644989,1.410319004,26.41500092,-5.281899929,1.410268131,24.00399971,-5.233220577,1.410420751
27.68600082,-5.110309124,1.420694985,26.51499939,-5.336654186,1.420694985,24.10400009,-5.285600662,1.420542481
27.7859993,-5.158102512,1.43020635,26.61499977,-5.38622427,1.430155477,24.20400047,-5.340126514,1.430765842
27.88599968,-5.213398457,1.440938329,26.71500015,-5.443967342,1.440887456,24.30400085,-5.388642788,1.440124586
27.98600006,-5.260096073,1.450195326,26.81500053,-5.492835045,1.4502462,24.40399933,-5.445078373,1.450703945
28.08600044,-5.314304829,1.460622181,26.91500092,-5.546798229,1.460571308,24.50399971,-5.496044636,1.46036793
28.18600082,-5.365228176,1.470489544,27.01499939,-5.600249767,1.470489544,24.60400009,-5.55001688,1.470845542
28.2859993,-5.417997837,1.480560284,27.11499977,-5.652493954,1.480560284,24.70400047,-5.600978374,1.48040778
28.38599968,-5.473101139,1.490834635,27.21500015,-5.708047867,1.490732888,24.80400085,-5.654297352,1.490224269
28.48600006,-5.520450592,1.500142505,27.31500053,-5.757916927,1.500091632,24.90399933,-5.710245609,1.500549377
28.58600044,-5.577340603,1.510670991,27.41500092,-5.816639423,1.510670991,25.00399971,-5.759888649,1.510111499
28.68600082,-5.62851429,1.520182355,27.51499939,-5.866831779,1.520131482,25.10400009,-5.818665981,1.520741847
28.7859993,-5.683059692,1.530761714,27.61499977,-5.925168991,1.530761714,25.20400047,-5.868262768,1.530100591
28.88599968,-5.735125065,1.540425699,27.71500015,-5.977901936,1.540476573,25.30400085,-5.926084518,1.540781697
28.98600006,-5.787221909,1.550343819,27.81500053,-6.031110764,1.550394692,25.40399933,-5.97711134,1.550394692
29.08600044,-5.842957497,1.560669043,27.91500092,-6.089015961,1.560567296,25.50399971,-6.034210682,1.560669043
29.18600082,-5.893279552,1.570332912,28.01499939,-6.141191959,1.570282038,25.60400009,-6.089158058,1.570739783
29.2859993,-5.951415062,1.580861397,28.11499977,-6.201577663,1.580912271,25.70400047,-6.138122082,1.580149401
29.38599968,-5.99996376,1.590169268,28.21500015,-6.250703335,1.590118394,25.80400085,-6.19942379,1.590779633
29.48600006,-6.056333542,1.600646996,28.31500053,-6.310237885,1.600697869,25.90399933,-6.250397205,1.600240124
29.58600044,-6.107826233,1.610361738,28.41500092,-6.364770889,1.610463485,26.00399971,-6.310830593,1.611022977
29.68600082,-6.163332462,1.620686846,28.51499939,-6.421198368,1.620737719,26.10400009,-6.362067223,1.620483468
29.7859993,-6.217541695,1.630757703,28.61499977,-6.476495743,1.630655956,26.20400047,-6.416214466,1.630401704
29.88599968,-6.267727852,1.640116447,28.71500015,-6.528049469,1.640116447,26.30400085,-6.47328949,1.640421571
29.98600006,-6.327217579,1.650695805,28.81500053,-6.587776661,1.650594175,26.40399933,-6.527370453,1.650187187
30.08600044,-6.377914429,1.660105423,28.91500092,-6.640589714,1.660156297,26.50399971,-6.587092876,1.660715789
30.18600082,-6.436987877,1.670786529,29.01499939,-6.701467514,1.670786529,26.60400009,-6.638827324,1.670125406
30.2859993,-6.488839149,1.680348767,29.11499977,-6.755550861,1.680297893,26.70400047,-6.69956398,1.680755639
30.38599968,-6.544795036,1.690521254,29.21500015,-6.812986851,1.690470381,26.80400085,-6.752286911,1.690317877
30.48600006,-6.600586414,1.700541237,29.31500053,-6.870952606,1.700592111,26.90399933,-6.810714245,1.700693858
30.58600044,-6.654397964,1.710459474,29.41500092,-6.925022125,1.710357727,27.00399971,-6.86590004,1.710459474
30.68600082,-6.71392107,1.720835455,29.51499939,-6.985337734,1.720733708,27.10400009,-6.919492245,1.720123342
30.7859993,-6.763248444,1.730092452,29.61499977,-7.035891533,1.730143325,27.20400047,-6.981473923,1.730702817
30.88599968,-6.824082375,1.740773558,29.71500015,-7.09964323,1.740773558,27.30400085,-7.033281803,1.740214066
30.98600006,-6.875997066,1.750284922,29.81500053,-7.153190136,1.750335796,27.40399933,-7.096632481,1.750895171
31.08600044,-6.935090542,1.760711661,29.91500092,-7.214584827,1.760813408,27.50399971,-7.149857521,1.760355663
31.18600082,-6.990435123,1.77052815,30.01499939,-7.271749973,1.770579023,27.60400009,-7.209116459,1.77052815
31.2859993,-7.043899059,1.780243008,30.11499977,-7.327618599,1.780344639,27.70400047,-7.266250134,1.780395512
31.38599968,-7.104539394,1.790669863,30.21500015,-7.38835001,1.790568116,27.80400085,-7.3226614,1.790313749
31.48600006,-7.157563686,1.800181111,30.31500053,-7.442945004,1.800130238,27.90399933,-7.385246277,1.800791477
31.58600044,-7.220683575,1.810913091,30.41500092,-7.505928993,1.810862217,28.00399971,-7.438727856,1.810201094
31.68600082,-7.273602486,1.820271835,30.51499939,-7.561220169,1.820271835,28.10400009,-7.501025677,1.82072958
31.7859993,-7.33219099,1.830546069,30.61499977,-7.621545315,1.830495195,28.20400047,-7.55584383,1.830139197
31.88599968,-7.388686657,1.840413432,30.71500015,-7.680202961,1.840464305,28.30400085,-7.619268894,1.840871177
31.98600006,-7.447538853,1.850586035,30.81500053,-7.739236355,1.850535162,28.40399933,-7.675049782,1.850433415
32.08599854,-7.507310867,1.860809396,30.91500092,-7.800716877,1.860809396,28.50399971,-7.732976437,1.860300777
32.18600082,-7.559208393,1.870117267,31.01499939,-7.854163647,1.870066393,28.60400009,-7.794712067,1.870625885
32.2859993,-7.621638298,1.880696625,31.11499977,-7.919382095,1.880747499,28.70400047,-7.851511478,1.880289754
32.38600159,-7.676136017,1.890258864,31.21500015,-7.974779129,1.890258864,28.80400085,-7.917498589,1.89112348
32.48600006,-7.740354061,1.900939969,31.31500053,-8.039795876,1.901041716,28.90399933,-7.968981743,1.900227857
32.58599854,-7.795396328,1.910502207,31.41500092,-8.096287727,1.910553081,29.00399971,-8.032063484,1.910705585
32.68600082,-7.85247612,1.92036957,31.51499939,-8.155024529,1.92036957,29.10400009,-8.089412689,1.920318697
32.7859993,-7.913997173,1.930542057,31.61499977,-8.218374252,1.930694678,29.20400047,-8.147961617,1.930338563
32.88600159,-7.970088959,1.940205926,31.71500015,-8.273257256,1.940155053,29.30400085,-8.21086216,1.940663671
32.98600006,-8.034031868,1.950785401,31.81500053,-8.339251518,1.950836275,29.40399933,-8.265319824,1.950124162
33.08599854,-8.087351799,1.960144145,31.91500092,-8.393749237,1.960144145,29.50399971,-8.331951141,1.960805384
33.18600082,-8.151507378,1.970672747,32.01499939,-8.459186554,1.970723504,29.60400009,-8.386828423,1.970215002
33.2859993,-8.209206581,1.980387373,32.11500168,-8.517428398,1.980387373,29.70400047,-8.453882217,1.980946865
33.38600159,-8.26904583,1.990508987,32.21500015,-8.578370094,1.990559977,29.80400085,-8.508302689,1.990254736
33.48600006,-8.32968235,2.000630833,32.31499863,-8.642435074,2.00073258,29.90399933,-8.569773674,2.000427339
33.58599854,-8.38438797,2.010040451,32.41500092,-8.697075844,2.010091208,30.00399971,-8.631687164,2.010498196
33.68600082,-8.448831558,2.020670567,32.51499939,-8.762533188,2.02061981,30.10400009,-8.690336227,2.020365559
33.7859993,-8.504580498,2.030181931,32.61500168,-8.819008827,2.030131174,30.20400047,-8.75688839,2.030995674
33.88600159,-8.570324898,2.040914027,32.71500015,-8.888345718,2.041066531,30.30400085,-8.811447144,2.040252788
33.98600006,-8.62640667,2.050476149,32.81499863,-8.943985939,2.050374402,30.40399933,-8.877756119,2.05078139
34.08599854,-8.68592453,2.060547005,32.91500092,-9.005429268,2.060496015,30.50399971,-8.934700012,2.060241764
34.18600082,-8.746302605,2.070516115,33.01499939,-9.067875862,2.070465125,30.60400009,-8.998969078,2.070617629
34.2859993,-8.802135468,2.080128994,33.11500168,-9.127448082,2.080179984,30.70400047,-9.060825348,2.080688486
34.38600159,-8.868776321,2.09086109,33.21500015,-9.194840431,2.09086109,30.80400085,-9.119169235,2.09019985
34.48600006,-8.925183296,2.10016896,33.31499863,-9.251418114,2.100219717,30.90399933,-9.185596466,2.100830199
34.58599854,-8.990056038,2.110748319,33.41500092,-9.31913662,2.110850066,31.00399971,-9.243449211,2.110341331
34.68600082,-9.048570633,2.120361431,33.51499939,-9.378029823,2.120412188,31.10400009,-9.310903549,2.120920923
34.7859993,-9.112803459,2.130839042,33.61500168,-9.443206787,2.130788285,31.20400047,-9.367866516,2.130177803
34.88600159,-9.172085762,2.140553901,33.71500015,-9.504411697,2.140502911,31.30400085,-9.433867455,2.140452154
34.98600006,-9.229520798,2.150116023,33.81499863,-9.563281059,2.150065266,31.40399933,-9.496449471,2.150421264
35.08599854,-9.298472404,2.160695381,33.91500092,-9.631112099,2.160644624,31.50399971,-9.559451103,2.16044113
35.18600082,-9.355272293,2.170206746,34.01499939,-9.691326141,2.170206746,31.60400009,-9.624788284,2.170766238
35.2859993,-9.423669815,2.180989599,34.11500168,-9.761533737,2.180989599,31.70400047,-9.681965828,2.180074109
35.38600159,-9.480249405,2.190246712,34.21500015,-9.819984436,2.190348459,31.80400085,-9.750340462,2.19060271
35.48600006,-9.544215202,2.20057182,34.31499863,-9.882183075,2.200317336,31.90399933,-9.809967995,2.200164832
35.58599854,-9.605136871,2.210439183,34.41500092,-9.94934082,2.210439183,32.00400162,-9.876008034,2.210642444
35.68600082,-9.664937019,2.220204799,34.51499939,-10.01137257,2.220306545,32.10400009,-9.940924644,2.220611554
35.7859993,-9.732832909,2.230784157,34.61500168,-10.07929325,2.230834914,32.20399857,-10.00177574,2.230377169
35.88600159,-9.789973259,2.240244532,34.71500015,-10.13852024,2.240295522,32.30400085,-10.06752968,2.24065152
35.98600006,-9.857398987,2.250773134,34.81499863,-10.20825291,2.250824124,32.40399933,-10.12804985,2.250213642
36.08599854,-9.915945053,2.260182751,34.91500092,-10.26716995,2.260182751,32.50400162,-10.19882965,2.260996494
36.18600082,-9.984976768,2.270914847,35.01499939,-10.3357048,2.27076211,32.60400009,-10.25489426,2.270151861
36.2859993,-10.04413986,2.280527726,35.11500168,-10.39911938,2.280527726,32.70399857,-10.32262802,2.280476969
36.38600159,-10.10404015,2.290191827,35.21500015,-10.45983887,2.290191827,32.80400085,-10.3876009,2.290395088
36.48600006,-10.17262936,2.300618449,35.31499863,-10.52917862,2.300567692,32.90399933,-10.45352459,2.300567692
36.58599854,-10.2344389,2.310333308,35.41500092,-10.59291553,2.310231561,33.00400162,-10.52074146,2.310740296
36.68600082,-10.3044529,2.321014414,35.51499939,-10.66528034,2.321014414,33.10400009,-10.57939911,2.319997177
36.7859993,-10.36125374,2.33016978,35.61500168,-10.72294521,2.330068033,33.20399857,-10.65086365,2.330678282
36.88600159,-10.42752171,2.340545645,35.71500015,-10.79255962,2.340596635,33.30400085,-10.71208286,2.340189647
36.98600006,-10.49158669,2.350362251,35.81499863,-10.8557291,2.350260504,33.40399933,-10.78192234,2.350819996
37.08599854,-10.55488968,2.360433107,35.91500092,-10.92127132,2.36033136,33.50400162,-10.84305096,2.360382117
37.18600082,-10.62321472,2.370758215,36.01499939,-10.99149609,2.370707225,33.60400009,-10.90933609,2.370401984
37.2859993,-10.68263531,2.380269347,36.11500168,-11.05158234,2.380116843,33.70399857,-10.97626114,2.380625578
37.38600159,-10.75284958,2.390848938,36.21500015,-11.12400246,2.390848938,33.80400085,-11.03833294,2.390289446
37.48600006,-10.81140327,2.400156809,36.31499863,-11.18598461,2.400258556,33.90399933,-11.10971165,2.400970552
37.58599854,-10.88099098,2.410837915,36.41500092,-11.25570583,2.410786925,34.00400162,-11.16924381,2.410125686
37.68600082,-10.94196129,2.420349279,36.51499939,-11.31742668,2.420349279,34.10400009,-11.24109936,2.420807024
37.7859993,-11.00691986,2.430419903,36.61500168,-11.386549,2.43057264,34.20399857,-11.30263519,2.430369146
37.88600159,-11.07390499,2.440643264,36.71500015,-11.45364285,2.440643264,34.30400085,-11.37125111,2.440694254
37.98600006,-11.13458538,2.450256376,36.81499863,-11.51637936,2.450307366,34.40399933,-11.43979645,2.450765111
38.08599854,-11.20797253,2.461039228,36.91500092,-11.58894062,2.460886724,34.50400162,-11.50172138,2.460276242
38.18600082,-11.26644993,2.470296342,37.01499939,-11.65000057,2.470245352,34.60400009,-11.57163811,2.47060135
38.2859993,-11.33529758,2.48062145,37.11500168,-11.72107601,2.480672207,34.70399857,-11.63579845,2.480112715
38.38600159,-11.39827633,2.490183571,37.21500015,-11.78465557,2.490183571,34.80400085,-11.70901775,2.49084481
38.48600006,-11.46727467,2.500661183,37.31499863,-11.8558836,2.500661183,34.90399933,-11.77079105,2.500305185
38.58599854,-11.53293133,2.510630293,37.41500092,-11.92395782,2.510630293,35.00400162,-11.8396492,2.510528546
38.68600082,-11.59585285,2.520243404,37.51499939,-11.98754406,2.520192647,35.10400009,-11.90723228,2.520548645
38.7859993,-11.66521454,2.530721016,37.61500168,-12.05953598,2.530721016,35.20399857,-11.97203636,2.530416008
38.88600159,-11.72794724,2.540334128,37.71500015,-12.12310886,2.540384885,35.30400085,-12.04389381,2.54089362
38.98600006,-11.7992878,2.551015234,37.81499863,-12.19632149,2.551015234,35.40399933,-12.10364819,2.550048986
39.08599854,-11.85939503,2.560272347,37.91500092,-12.25778961,2.560272347,35.50400162,-12.17616081,2.560577355
39.18600082,-11.9251194,2.570393961,38.01499939,-12.32568455,2.570393961,35.60400009,-12.24114799,2.570342971
39.2859993,-11.99366951,2.580566565,38.11500168,-12.39556694,2.580566565,35.70399857,-12.31393242,2.580871573
39.38600159,-12.05959415,2.590433927,38.21500015,-12.46142387,2.590433927,35.80400085,-12.37989807,2.590637188
39.48600006,-12.129282,2.600911539,38.31499863,-12.53478622,2.600911539,35.90399933,-12.44374084,2.60030129
39.58599854,-12.1899786,2.610117663,38.41500092,-12.59550571,2.61016842,36.00400162,-12.5169735,2.610727912
39.68600082,-12.26333904,2.620798768,38.51499939,-12.67077065,2.620748011,36.10400009,-12.57897282,2.620086772
39.7859993,-12.32550144,2.630208386,38.61500168,-12.73568153,2.630208386,36.20399857,-12.6553545,2.630818868
39.88600159,-12.39692879,2.640584484,38.71500015,-12.80738449,2.640736988,36.30400085,-12.71880722,2.640228253
39.98600006,-12.46302319,2.650451846,38.81499863,-12.87547779,2.650451846,36.40399933,-12.79059982,2.650553361
40.08599854,-12.53103352,2.660369966,38.91500092,-12.94416904,2.660369966,36.50400162,-12.85977173,2.66052247
40.18600082,-12.60297966,2.670796821,39.01499939,-13.0160141,2.670644084,36.60400009,-12.9271841,2.67049158
40.2859993,-12.66543293,2.680206439,39.11500168,-13.08147049,2.680257196,36.70399857,-12.99888611,2.680765931
40.38600159,-12.73931217,2.690836554,39.21500015,-13.15856171,2.690887544,36.80400085,-13.06101131,2.690073801
40.48600006,-12.80142593,2.700195415,39.31499863,-13.21997166,2.700195415,36.90399933,-13.13482857,2.700551413
40.58599854,-12.87215519,2.71062227,39.41500092,-13.29424095,2.71062227,37.00400162,-13.19746017,2.709910041
40.68600082,-12.93899918,2.720387885,39.51499939,-13.36175728,2.720438642,37.10400009,-13.27291584,2.720693126
40.7859993,-13.00794125,2.730509499,39.61500168,-13.43349075,2.730560489,37.20399857,-13.33963108,2.730356995
40.88600159,-13.07919216,2.740936354,39.71500015,-13.50642014,2.740936354,37.30400085,-13.40659523,2.740173368
40.98600006,-13.1402235,2.750142477,39.81499863,-13.56922531,2.750142477,37.40399933,-13.47872543,2.750396729
41.08599854,-13.21387291,2.760671079,39.91500092,-13.64458561,2.760721836,37.50400162,-13.54310036,2.760060597
41.18600082,-13.27662373,2.770131454,40.01499939,-13.7075367,2.770080697,37.60400009,-13.62076855,2.77089444
41.2859993,-13.35225868,2.780914307,40.11500168,-13.785182,2.780914307,37.70399857,-13.6832552,2.780151553
41.38600159,-13.41630459,2.790476661,40.21500015,-13.85107994,2.790476661,37.80400085,-13.7589283,2.790629165
41.48600006,-13.48429775,2.800293034,40.31499863,-13.91829014,2.800242277,37.90399933,-13.82759762,2.800394781
41.58599854,-13.55754948,2.810618142,40.41500092,-13.99417019,2.810618142,38.00400162,-13.89851093,2.810516395
41.68600082,-13.62487793,2.820383757,40.51499939,-14.06227016,2.82028201,38.10400009,-13.97100449,2.820587251
41.7859993,-13.69967556,2.830861369,40.61500168,-14.13870907,2.830759855,38.20399857,-14.03469372,2.829996869
41.88600159,-13.76161575,2.840118483,40.71500015,-14.20322418,2.840067726,38.30400085,-14.11295986,2.840677975
41.98600006,-13.83802223,2.850748831,40.81499863,-14.28080273,2.850647084,38.40399933,-14.1804924,2.850291086
42.08599854,-13.90365028,2.860310953,40.91500092,-14.34760284,2.860209206,38.50400162,-14.25747681,2.860972192
42.18600082,-13.97593307,2.870686818,41.01499939,-14.42029667,2.87038181,38.60400009,-14.32340813,2.87038181
42.2859993,-14.04718304,2.880706917,41.11500168,-14.49075699,2.880401677,38.70399857,-14.39409542,2.880503424
42.38600159,-14.11104107,2.890218282,41.21500015,-14.55822563,2.889913041,38.80400085,-14.46565056,2.890421543
42.48600006,-14.18559361,2.900644904,41.31499863,-14.63503456,2.9004924,38.90399933,-14.53245449,2.900085412
42.58599854,-14.2478447,2.910105512,41.41500092,-14.69992924,2.909952775,39.00400162,-14.61213112,2.910766751
42.68600082,-14.32486153,2.920837374,41.51499939,-14.77755165,2.92068487,39.10400009,-14.67718697,2.920176368
42.7859993,-14.38998413,2.930348739,41.61500168,-14.84657478,2.930348739,39.20399857,-14.75398636,2.930704737
42.88600159,-14.46193695,2.940521343,41.71500015,-14.91833973,2.940419596,39.30400085,-14.82171249,2.940267092
42.98600006,-14.53262138,2.950490452,41.81499863,-14.9900341,2.950388705,39.40399933,-14.89711666,2.950642956
43.08599854,-14.6016798,2.960459562,41.91500092,-15.05975342,2.960256068,39.50400162,-14.96808815,2.960459562
43.18600082,-14.67846584,2.970835427,42.01499939,-15.13947392,2.97078467,39.60400009,-15.03514862,2.969970694
43.2859993,-14.74094772,2.98004155,42.11500168,-15.2039423,2.98004155,39.70399857,-15.11435509,2.980550285
43.38600159,-14.81809902,2.990620909,42.21500015,-15.2811861,2.990620909,39.80400085,-15.18466663,2.990315901
43.48600006,-14.88634682,3.000234021,42.31499863,-15.3520956,3.000285011,39.90399933,-15.26244354,3.00089526
43.58599854,-14.96296215,3.01081338,42.41500092,-15.42803192,3.010762623,40.00400162,-15.32983017,3.010355635
43.68600082,-15.03310776,3.020680742,42.51499939,-15.50124931,3.020629985,40.10400009,-15.40219116,3.020426491
43.7859993,-15.09939766,3.030243097,42.61500168,-15.56835079,3.03014135,40.20399857,-15.47709465,3.030446358
43.88600159,-15.17584229,3.040618962,42.71500015,-15.64589691,3.040618962,40.30400085,-15.54896259,3.040415468
43.98600006,-15.24216175,3.050181083,42.81499863,-15.71572018,3.05028283,40.40399933,-15.62604427,3.050791565
44.08599854,-15.32058907,3.060913179,42.91500092,-15.79470444,3.060760675,40.50400162,-15.69300747,3.060201183
44.18600082,-15.38484383,3.07022105,43.01499939,-15.86239529,3.07017006,40.60400009,-15.77466393,3.070933046
44.2859993,-15.46240044,3.080800408,43.11500168,-15.9406004,3.080647904,40.70399857,-15.84249878,3.08044441
44.38600159,-15.53348732,3.090464277,43.21500015,-16.013237,3.090566024,40.80400085,-15.91885185,3.090922022
44.48600006,-15.60566807,3.100586124,43.31499863,-16.08538246,3.100535134,40.90399933,-15.98893356,3.100535134
44.58599854,-15.67902946,3.110758495,43.41500092,-16.16290855,3.110860242,41.00400162,-16.0603714,3.110402497
44.68600082,-15.74391842,3.120066365,43.51499939,-16.22937584,3.120066365,41.10400009,-16.1363945,3.120625857
44.7859993,-15.8263731,3.130849218,43.61500168,-16.310709,3.130747471,41.20399857,-16.20786858,3.130238969
44.88600159,-15.89506626,3.140309826,43.71500015,-16.37998962,3.140258836,41.30400085,-16.28864479,3.140971065
44.98600006,-15.97425365,3.150889184,43.81499863,-16.45890045,3.150787437,41.40399933,-16.35534096,3.150278702
45.08599854,-16.04293633,3.160502296,43.91500092,-16.53236961,3.160553053,41.50400162,-16.43462753,3.160705557
45.18600082,-16.11299324,3.170318669,44.01499939,-16.60263062,3.170267912,41.60400009,-16.50631905,3.170420416
45.2859993,-16.18827438,3.180542029,44.11500168,-16.68080521,3.180542029,41.70399857,-16.58018684,3.180542029
45.38600159,-16.25589561,3.190155141,44.21500015,-16.75159454,3.190256888,41.80400085,-16.65934944,3.190918127
45.48600006,-16.33687019,3.200836247,44.31499863,-16.83416939,3.200988751,41.90399933,-16.72663689,3.200276755
45.58599854,-16.40233612,3.210245864,44.41500092,-16.90205383,3.210347611,42.00400162,-16.80809784,3.210856114
45.68600082,-16.4804039,3.220825223,44.51499939,-16.98082542,3.220774466,42.10400009,-16.87563133,3.220316721
45.7859993,-16.55056381,3.230489092,44.61500168,-17.05285263,3.230540082,42.20399857,-16.95548058,3.230946837
45.88600159,-16.62407112,3.240661696,44.71500015,-17.1283989,3.240610939,42.30400085,-17.02476692,3.240254708
45.98600006,-16.69894218,3.250681562,44.81499863,-17.20474052,3.250783309,42.40399933,-17.09715652,3.25012207
46.08599854,-16.76511192,3.26009118,44.91500092,-17.27116585,3.260040423,42.50400162,-17.17897987,3.260701662
46.18600082,-16.84572029,3.270721529,45.01499939,-17.35596657,3.270823276,42.60400009,-17.25184822,3.270467278
46.2859993,-16.91352463,3.280232893,45.11500168,-17.42734718,3.280385397,42.70399857,-17.33222008,3.280995879
46.38600159,-16.99458313,3.291015746,45.21500015,-17.50820541,3.290964756,42.80400085,-17.3989563,3.290151013
46.48600006,-17.06352997,3.300323617,45.31499863,-17.57884789,3.300374374,42.90399933,-17.48181343,3.300628858
46.58599854,-17.13918877,3.310495988,45.41500092,-17.65472794,3.310394473,43.00400162,-17.55448532,3.310292726
46.68600082,-17.21396065,3.32041434,45.51499939,-17.73221779,3.320465097,43.10400009,-17.63490105,3.320719581
46.7859993,-17.28552628,3.330281703,45.61500168,-17.80408669,3.330179956,43.20399857,-17.71042633,3.330586944
46.88600159,-17.36614799,3.340759315,45.71500015,-17.88837051,3.340708558,43.30400085,-17.78142929,3.340149065
46.98600006,-17.43338585,3.350067185,45.81499863,-17.95809746,3.350168932,43.40399933,-17.86391449,3.350728424
47.08599854,-17.51579285,3.360850038,45.91500092,-18.0415554,3.360697534,43.50400162,-17.93318176,3.360138042
47.18600082,-17.5841713,3.370208899,46.01499939,-18.1149807,3.370412393,43.60400009,-18.01673889,3.370819148
47.2859993,-17.66492271,3.3807375,46.11500168,-18.19556808,3.380788257,43.70399857,-18.08645058,3.380178008
47.38600159,-17.73820305,3.390553873,46.21500015,-18.27063179,3.39065562,43.80400085,-18.16471481,3.390452126
47.48600006,-17.80761909,3.400166985,46.31499863,-18.34202576,3.400217742,43.90399933,-18.24148941,3.400370479
47.58599854,-17.88824654,3.410644596,46.41500092,-18.42522621,3.410797101,44.00400162,-18.3166256,3.410339355
47.68600082,-17.95692825,3.420104971,46.51499939,-18.4975338,3.420308465,44.10400009,-18.40002632,3.420867957
47.7859993,-18.04239464,3.431040561,46.61500168,-18.58464241,3.431244055,44.20399857,-18.46920776,3.430074081
47.88600159,-18.1107254,3.440297442,46.71500015,-18.65304565,3.440399189,44.30400085,-18.55284309,3.440755187
47.98600006,-18.18902206,3.450571792,46.81499863,-18.73243332,3.450571792,44.40399933,-18.62401772,3.450164804
48.08599854,-18.26346779,3.460388165,46.91500092,-18.80953026,3.460439155,44.50400162,-18.70775795,3.460744396
48.18600082,-18.33935547,3.470306518,47.01499939,-18.88644218,3.470357275,44.60400009,-18.78363991,3.470459022
48.2859993,-18.42122269,3.480733372,47.11500168,-18.96957779,3.480682382,44.70399857,-18.85922241,3.480275627
48.38600159,-18.48892021,3.489990253,47.21500015,-19.03998947,3.489939496,44.80400085,-18.94337845,3.490753239
48.48600006,-18.57421684,3.500773106,47.31499863,-19.12402916,3.500468098,44.90399933,-19.01596451,3.500264604
48.58599854,-18.64599991,3.51033546,47.41500092,-19.19995308,3.510233713,45.00400162,-19.10264015,3.510945709
48.68600082,-18.72734451,3.520914819,47.51499939,-19.28220558,3.520711325,45.10400009,-19.17284393,3.520151833
48.7859993,-18.79912186,3.530324437,47.61500168,-19.35776901,3.530324437,45.20399857,-19.2549057,3.530629678
48.88600159,-18.87407684,3.540242556,47.71500015,-19.43236542,3.540090052,45.30400085,-19.33301926,3.540496808
48.98600006,-18.95674515,3.550669411,47.81499863,-19.51701927,3.550669411,45.40399933,-19.40888214,3.550516907
49.08599854,-19.02620888,3.560180776,47.91500092,-19.59057426,3.560231533,45.50400162,-19.49208641,3.560842015
49.18600082,-19.11046219,3.570963629,48.01499939,-19.67577362,3.570861882,45.60400009,-19.56262779,3.570200643
49.2859993,-19.17853737,3.580220742,48.11500168,-19.74520302,3.580169752,45.70399857,-19.64820671,3.580780234
49.38600159,-19.2617054,3.590749111,48.21500015,-19.83081818,3.590698354,45.80400085,-19.71954536,3.590138862
49.48600006,-19.33319473,3.600311466,48.31499863,-19.90568924,3.600311466,45.90399933,-19.80657005,3.600870958
49.58599854,-19.41172409,3.610433079,48.41500092,-19.98510933,3.610433079,46.00400162,-19.88133049,3.610483836
49.68600082,-19.4919014,3.620808944,48.51499939,-20.07001114,3.620808944,46.10400009,-19.95830727,3.620402189
49.7859993,-19.56229019,3.630218562,48.61500168,-20.14235878,3.630269552,46.20399857,-20.04379463,3.630778054
49.88600159,-19.64517784,3.640747163,48.71500015,-20.228508,3.640797921,46.30400085,-20.11947632,3.640492912
49.98600006,-19.71796608,3.650156781,48.81499863,-20.30102348,3.650156781,46.40399933,-20.20620918,3.651123028
50.08599854,-19.80329323,3.660888877,48.91500092,-20.38796806,3.660837887,46.50400162,-20.27807236,3.660227638
50.18600082,-19.87714195,3.670349251,49.01499939,-20.4626236,3.670349251,46.60400009,-20.36309242,3.670756007
50.2859993,-19.95111084,3.680216614,49.11500168,-20.53993607,3.680165624,46.70399857,-20.44026375,3.680470865
50.38600159,-20.0332222,3.690541722,49.21500015,-20.6257782,3.690643469,46.80400085,-20.52457809,3.69089772
50.48600006,-20.10935211,3.700409085,49.31499863,-20.70324707,3.700510832,46.90399933,-20.60282898,3.700765083
50.58599854,-20.1939621,3.710988443,49.41500092,-20.79127312,3.711191937,47.00400162,-20.67736435,3.710225457
50.68600082,-20.26158142,3.72014381,49.51499939,-20.86225319,3.720398061,47.10400009,-20.76466751,3.720855806
50.7859993,-20.34673309,3.730723169,49.61500168,-20.94966316,3.730926663,47.20399857,-20.83917427,3.730265424
50.88600159,-20.4233036,3.740438027,49.71500015,-21.02743149,3.740641288,47.30400085,-20.92565346,3.740946529
50.98600006,-20.50275612,3.750712145,49.81499863,-21.10841751,3.750813892,47.40399933,-20.99812508,3.750203643
51.08599854,-20.58036232,3.760528751,49.91500092,-21.1856041,3.760477761,47.50400162,-21.08192062,3.760477761
51.18600082,-20.65454674,3.77014163,50.01499939,-21.2602005,3.769989125,47.60400009,-21.16260719,3.770497628
51.2859993,-20.73872757,3.780721221,50.11500168,-21.35001755,3.780771978,47.70399857,-21.23729324,3.780008992
51.38600159,-20.81136513,3.790130606,50.21500015,-21.42464638,3.790181596,47.80400085,-21.32563591,3.790690098
51.48600006,-20.8979187,3.800862702,50.31499863,-21.51325798,3.800862702,47.90399933,-21.40153885,3.800150706
51.58599854,-20.97038841,3.810221562,50.41500092,-21.59085846,3.810424823,48.00400162,-21.48887825,3.810781054
51.68600082,-21.05387878,3.82054667,50.51499939,-21.67430305,3.820749931,48.10400009,-21.56402206,3.820241429
51.7859993,-21.13450432,3.830414033,50.61500168,-21.75518799,3.83046479,48.20399857,-21.65054512,3.830668284
51.88600159,-21.21189308,3.840332152,50.71500015,-21.83434486,3.840281162,48.30400085,-21.73198509,3.840586403
51.98600006,-21.29755402,3.850860754,50.81499863,-21.92138481,3.850809764,48.40399933,-21.80804253,3.850250272
52.08599854,-21.36814308,3.860066878,50.91500092,-21.99537468,3.860117635,48.50400162,-21.89347267,3.860473633
52.18600082,-21.45449066,3.870595479,51.01499939,-22.08313942,3.870544489,48.60400009,-21.97053146,3.870137734
52.2859993,-21.5297184,3.880208358,51.11500168,-22.16050148,3.880157601,48.70399857,-22.06362915,3.881073091
52.38600159,-21.61454391,3.890889697,51.21500015,-22.24988174,3.890889697,48.80400085,-22.13277626,3.890177468
52.48600006,-21.69146729,3.900553565,51.31499863,-22.32827568,3.900604323,48.90399933,-22.21837234,3.900553565
52.58599854,-21.76869011,3.910420928,51.41500092,-22.40684128,3.910370171,49.00400162,-22.29969025,3.910471685
52.68600082,-21.85100555,3.920644056,51.51499939,-22.49221992,3.920644056,49.10400009,-22.38217926,3.920542542
52.7859993,-21.92780876,3.930206411,51.61500168,-22.56840515,3.930104896,49.20399857,-22.46908379,3.930816893
52.88600159,-22.01477242,3.940938506,51.71500015,-22.65915489,3.940836526,49.30400085,-22.54299545,3.94012453
52.98600006,-22.08662605,3.950195387,51.81499863,-22.73457527,3.950297367,49.40399933,-22.63214684,3.950653132
53.08599854,-22.16985512,3.960520495,51.91500092,-22.82433128,3.960774746,49.50400162,-22.71043587,3.960266244
53.18600082,-22.25009727,3.970438614,52.01499939,-22.90597153,3.970642108,49.60400009,-22.80263519,3.970998339
53.2859993,-22.33133316,3.980509471,52.11500168,-22.98771286,3.980560228,49.70399857,-22.88040352,3.980509471
53.38600159,-22.41759491,3.990834579,52.21500015,-23.07875824,3.990987316,49.80400085,-22.96147728,3.990376834
53.48600006,-22.48942757,4.000142682,52.31499863,-23.15608215,4.000498448,49.90399933,-23.0499649,4.000600427
53.58599854,-22.57838249,4.010722041,52.41500092,-23.24544716,4.010925535,50.00400162,-23.12442207,4.010060802
53.68600082,-22.65333557,4.020233173,52.51499939,-23.32169342,4.020233173,50.10400009,-23.2158947,4.020690918
53.7859993,-22.73911095,4.030761775,52.61500168,-23.41152382,4.030812532,50.20399857,-23.29464149,4.030253273
53.88600159,-22.81627464,4.040374886,52.71500015,-23.49078751,4.040425643,50.30400085,-23.38600349,4.040934145
53.98600006,-22.89924431,4.0504965,52.81499863,-23.57453346,4.050445743,50.40399933,-23.46646118,4.05059848
54.08599854,-22.98262787,4.060720094,52.91500092,-23.66172981,4.060668871,50.50400162,-23.55226517,4.060872365
54.18600082,-23.05934143,4.070281982,53.01499939,-23.73997879,4.070231225,50.60400009,-23.63812447,4.070892464
54.2859993,-23.14714622,4.080861341,53.11500168,-23.83019829,4.080759827,50.70399857,-23.71537018,4.080302082
54.38600159,-23.22047043,4.090220202,53.21500015,-23.90340233,4.089915194,50.80400085,-23.80547333,4.090779927
54.48600006,-23.30966568,4.100799561,53.31499863,-23.99423599,4.100443795,50.90399933,-23.88275719,4.100189544
54.58599854,-23.38549232,4.110361915,53.41500092,-24.07373428,4.110056441,51.00400162,-23.97415733,4.11081966
54.68600082,-23.46979332,4.12073778,53.51499939,-24.16155434,4.120432772,51.10400009,-24.05346298,4.120382015
54.7859993,-23.55328369,4.130707122,53.61500168,-24.24805641,4.130707122,51.20399857,-24.1373558,4.130350892
54.88600159,-23.62984657,4.140319768,53.71500015,-24.32607079,4.140167497,51.30400085,-24.2230587,4.140319768
54.98600006,-23.71837997,4.150696099,53.81499863,-24.41952324,4.15084837,51.40399933,-24.30707741,4.150187131
55.08599854,-23.79641151,4.160207231,53.91500092,-24.49637604,4.160105716,51.50400162,-24.4010849,4.161021207
55.18600082,-23.88978958,4.170939326,54.01499939,-24.59015274,4.170837346,51.60400009,-24.47579384,4.17022733
55.2859993,-23.96479797,4.180348944,54.11500168,-24.66908836,4.180298187,51.70399857,-24.56673813,4.180755932
55.38600159,-24.04920578,4.190419801,54.21500015,-24.75670624,4.190470558,51.80400085,-24.64893913,4.190368578
55.48600006,-24.13516617,4.200541414,54.31499863,-24.84546089,4.200693686,51.90399933,-24.73531342,4.200642928
55.58599854,-24.2154808,4.210408777,54.41500092,-24.92864609,4.210510291,52.00400162,-24.81758881,4.210408777
55.68600082,-24.30271912,4.220784642,54.51499939,-25.02033234,4.220988136,52.10400009,-24.89454079,4.219919909
55.7859993,-24.3759594,4.23009228,54.61500168,-25.09541893,4.230143502,52.20399857,-24.98392105,4.23044851
55.88600159,-24.46756363,4.240722861,54.71500015,-25.18881607,4.240722861,52.30400085,-25.06401253,4.240112379
55.98600006,-24.54576874,4.250233993,54.81499863,-25.26931763,4.25028475,52.40399933,-25.16012955,4.250895232
56.08599854,-24.63581657,4.260864574,54.91500092,-25.36182213,4.260864574,52.50400162,-25.23716354,4.260254093
56.18600082,-24.71575546,4.270528443,55.01499939,-25.4439373,4.270528443,52.60400009,-25.32605171,4.2705792
56.2859993,-24.79514885,4.280243069,55.11500168,-25.52540398,4.280243069,52.70399857,-25.41175652,4.280446563
56.38600159,-24.88355255,4.290618934,55.21500015,-25.61685371,4.290618934,52.80400085,-25.49540901,4.290466197
56.48600006,-24.96050453,4.300079308,55.31499863,-25.69658852,4.300181288,52.90399933,-25.58847046,4.300842527
56.58599854,-25.05428505,4.310913384,55.41500092,-25.79161644,4.310811404,53.00400162,-25.66570854,4.310099408
56.68600082,-25.13196945,4.320323002,55.51499939,-25.86931229,4.320119508,53.10400009,-25.7601223,4.320729524
56.7859993,-25.22037125,4.330648109,55.61500168,-25.96204948,4.330546129,53.20399857,-25.84100914,4.330241121
56.88600159,-25.30370712,4.340413492,55.71500015,-26.04637909,4.340413492,53.30400085,-25.93529701,4.340871237
56.98600006,-25.38758087,4.350484349,55.81499863,-26.13194084,4.350382835,53.40399933,-26.01782608,4.350433592
57.08599854,-25.47547531,4.360707942,55.91500092,-26.22703552,4.360910971,53.50400162,-26.10261917,4.360351712
57.18600082,-25.55189514,4.370066337,56.01499939,-26.30642128,4.370320588,53.60400009,-26.19657707,4.370778333
57.2859993,-25.64399529,4.380747676,56.11500168,-26.39929008,4.38084919,53.70399857,-26.27837753,4.380442202
57.38600159,-25.72623825,4.390360788,56.21500015,-26.48144913,4.390462302,53.80400085,-26.37342644,4.391022027
57.48600006,-25.81421852,4.400940146,56.31499863,-26.57408142,4.400940146,53.90399933,-26.45212555,4.400431644
57.58599854,-25.89481354,4.410553258,56.41500092,-26.65628052,4.410502035,54.00400162,-26.54209137,4.410654772
57.68600082,-25.97406387,4.420267884,56.51499939,-26.73750114,4.420115147,54.10400009,-26.62519646,4.420318641
57.7859993,-26.06114578,4.430542234,56.61500168,-26.83246422,4.430592991,54.20399857,-26.71431351,4.430491477
57.88600159,-26.14086723,4.440104123,56.71500015,-26.91340828,4.440155346,54.30400085,-26.80455017,4.440613091
57.98600006,-26.23516273,4.450836219,56.81499863,-27.01250648,4.451039713,54.40399933,-26.88093185,4.449869972
58.08599854,-26.3098526,4.460144322,56.91500092,-27.08978081,4.460245837,54.50400162,-26.97903442,4.460805561
58.18600082,-26.40054703,4.470672924,57.01499939,-27.1848526,4.470927175,54.60400009,-27.06027985,4.470163956
58.2859993,-26.48361778,4.480438307,57.11500168,-27.27145958,4.480540287,54.70399857,-27.15423393,4.480641801
58.38600159,-26.56978798,4.490509164,57.21500015,-27.35623741,4.490509164,54.80400085,-27.23754311,4.490254913
58.48600006,-26.65729713,4.500630777,57.31499863,-27.44650269,4.500529263,54.90399933,-27.32626343,4.500427283
58.58599854,-26.73715591,4.510193132,57.41500092,-27.52784538,4.510040395,55.00400162,-27.41815948,4.510650877
58.68600082,-26.83043289,4.520721734,57.51499939,-27.62238121,4.520568997,55.10400009,-27.50100708,4.520365503
58.7859993,-26.91149712,4.53033438,57.61500168,-27.70171165,4.530029371,55.20399857,-27.59610367,4.530944861
58.88600159,-27.00560188,4.541015718,57.71500015,-27.79858398,4.540812224,55.30400085,-27.67417336,4.540150985
58.98600006,-27.08429909,4.550476093,57.81499863,-27.87691689,4.550323822,55.40399933,-27.76754761,4.550679587
59.08599854,-27.17086601,4.560648929,57.91500092,-27.94833565,4.560292698,55.50400162,-27.85065079,4.560241941
59.18600082,-27.2548275,4.570465069,58.01499939,-28.04118156,4.570414312,55.60400009,-27.9417305,4.57071932
59.2859993,-27.3372364,4.580230918,58.11500168,-28.12348747,4.579925444,55.70399857,-28.02652359,4.580688663
59.38600159,-27.43040085,4.590861034,58.21500015,-28.21875572,4.590505268,55.80400085,-28.1081543,4.590301774
59.48600006,-27.50720596,4.600169137,58.31499863,-28.29751968,4.599762149,55.90399933,-28.20350647,4.600779153
59.58599854,-27.59954262,4.610799253,58.41500092,-28.39339066,4.610392265,56.00400162,-28.28685379,4.610341508
59.68600082,-27.67933083,4.620259628,58.51499939,-28.47886467,4.620208871,56.10400009,-28.3807869,4.620920867
59.7859993,-27.76968193,4.630788229,58.61500168,-28.57440376,4.630838986,56.20399857,-28.46030045,4.63012699
59.88600159,-27.85307121,4.640554078,58.71500015,-28.6648941,4.640909843,56.30400085,-28.55334091,4.640350584
59.98600006,-27.93255997,4.650115967,58.81499863,-28.74695969,4.650319461,56.40399933,-28.64757347,4.650573712
60.08599854,-28.02780724,4.660695326,58.91500092,-28.84739494,4.661000799,56.50400162,-28.73697662,4.660543054
60.18600082,-28.10877419,4.67025768,59.01499939,-28.93006516,4.670461174,56.60400009,-28.83350563,4.670969676
60.2859993,-28.20430183,4.680939019,59.11500168,-29.02733421,4.681040533,56.70399857,-28.9120903,4.680226557
60.38600159,-28.28094673,4.690246657,59.21500015,-29.10824013,4.690246657,56.80400085,-29.00875854,4.690653645
60.48600006,-28.36953735,4.70047025,59.31499863,-29.20026398,4.700521007,56.90399933,-29.09201241,4.700164776
60.58599854,-28.45564079,4.71038837,59.41500092,-29.29153061,4.710489884,57.00400162,-29.18725014,4.710693378
60.68600082,-28.54138947,4.72030649,59.51499939,-29.37845802,4.720357247,57.10400009,-29.27414894,4.720357247
60.7859993,-28.63484955,4.730784334,59.61500168,-29.47366333,4.730835091,57.20399857,-29.36196136,4.730275366
60.88600159,-28.71278572,4.740193952,59.71500015,-29.55291557,4.740142729,57.30400085,-29.45861816,4.740702454
60.98600006,-28.80764389,4.750824068,59.81499863,-29.65224266,4.750824068,57.40399933,-29.54355431,4.750264809
61.08599854,-28.88744736,4.760182928,59.91500092,-29.73499298,4.760233685,57.50400162,-29.64105034,4.760792945
61.18600082,-28.98044586,4.77071153,60.01499939,-29.83385086,4.770915024,57.60400009,-29.72404289,4.770202562
61.2859993,-29.06582451,4.780476913,60.11500168,-29.92063332,4.78052767,57.70399857,-29.81934357,4.78052767
61.38600159,-29.14795685,4.790192004,60.21500015,-30.00716019,4.790242761,57.80400085,-29.90870476,4.790395033
61.48600006,-29.24038315,4.800567869,60.31499863,-30.10454369,4.80072014,57.90399933,-30.00193024,4.800517112
61.58599854,-29.32160759,4.810180981,60.41500092,-30.18698692,4.810231738,58.00400162,-30.09943581,4.81084222
61.68600082,-29.41871643,4.820912611,60.51499939,-30.29096603,4.820963833,58.10400009,-30.17931747,4.819895606
61.7859993,-29.49737549,4.830169957,60.61500168,-30.37200928,4.830220714,58.20399857,-30.27941322,4.830525722
61.88600159,-29.59052277,4.840545822,60.71500015,-30.4695549,4.840698559,58.30400085,-30.36444283,4.840088077
61.98600006,-29.67518044,4.850311205,60.81499863,-30.55903435,4.850413185,58.40399933,-30.46279526,4.850616679
62.08599854,-29.76458549,4.860433284,60.91500092,-30.65090179,4.860534798,58.50400162,-30.55184937,4.860382061
62.18600082,-29.85824203,4.870809149,61.01499939,-30.74250793,4.870656412,58.60400009,-30.64376259,4.870402161
62.2859993,-29.93697357,4.880167544,61.11500168,-30.8247261,4.880015273,58.70399857,-30.73658752,4.880625755
62.38600159,-30.0354023,4.89089964,61.21500015,-30.92507553,4.890696146,58.80400085,-30.78355217,4.890187643
62.48600006,-30.11439133,4.9002585,61.31499863,-31.00797462,4.900105763,58.90399933,-30.88842964,4.900767002
62.58599854,-30.21244049,4.910939839,61.41500092,-31.1073494,4.910787102,59.00400162,-30.97254753,4.910125863
62.68600082,-30.29434013,4.920400213,61.51499939,-31.19237328,4.920298234,59.10400009,-31.0718689,4.920705222
62.7859993,-30.38163567,4.93036909,61.61500168,-31.28101349,4.930216819,59.20399857,-31.15808296,4.930267576
62.88600159,-30.47330284,4.940643441,61.71500015,-31.37463951,4.940541927,59.30400085,-31.25255775,4.940643441
62.98600006,-30.55871773,4.950409289,61.81499863,-31.46187019,4.95030731,59.40399933,-31.34648705,4.950714298
63.08599854,-30.65451431,4.961039405,61.91500092,-31.56082916,4.960937425,59.50400162,-31.43155861,4.960174672
63.18600082,-30.7319622,4.970194772,62.01499939,-31.63988686,4.970092792,59.60400009,-31.533638,4.970804788
63.2859993,-30.82849884,4.980723374,62.11500168,-31.73983574,4.980672151,59.70399857,-31.615839,4.980062135
63.38600159,-30.91356087,4.99033602,62.21500015,-31.82777596,4.990285262,59.80400085,-31.71848297,4.99069225
